Australia,Austria,Belgium,Channel Islands,Cyprus,Denmark,EIRE,Finland,France,Germany,Greece,Italy,Japan,Netherlands,Spain,Sweden,Switzerland,USA,United Kingdom,Unspecified
,,,,,48.0,,,,,,,,,,,,,226.0,
,,,,,,,,,,,,,,,,,,39.0,
,,,,,,,,,,,,,,,,,,28.0,
,,,,10.0,,150.0,,,,,,,,,,,,13.0,
,,,,,,210.0,,,,,,,,,,,,2.0,
,,,,,,,,,,,,,,,,,,67.0,
,,,,,,,,,,,,,,,,,,-20.0,
,,,,,,,,,,,,,,,,,,117.0,
,,,,,,,,,,,,,,,,,,5.0,
,,,,,,,,,,,,,,,,,,363.0,
,,,,,,,,,,,,,,,,,,475.0,
,,,,10.0,,,,,,,,,,,,,,14.0,
,,,,,,,,,,,,,,,,,,2.0,
,,,,,,,,,,,,,,,,,,193.0,
,,,,,,,,,,,,,,,,,,24.0,
,,,,,,,,,,,,,,,,,,3030.0,
,,,,,,,,,,,,,,,,,,53.0,
,,,,,,,,,,,,,,,,,,20.0,
,,,,,,,,,,,,,,,,,,1800.0,
,,,,,,,,,,,,,,,,,,24.0,
,,,,,6144.0,,,,,,,,,,,,,-1128.0,
,,,,,,,,,,,,,,,,,,2.0,
,,,,,,,,,,,,,,,,,,142.0,
,,,,,,,,,,,,,,,,,,28.0,
,,,,,,,,24.0,,,,,,,,,,603.0,
,,,,,,,,,,,,,,,,,,868.0,
,,,,,866.0,,,,,,,,,,,,,-375.0,
,,,,,,,,,,,,,,,,,,6.0,
,,,,,,,,,,,,,,,,,,5.0,
,,,,,,,,,,,,,,,,,,2.0,
,,,,,,12.0,,,,,,,,,,,,113.0,
,,,,,,,,,,,,,,,,,,3.0,
,,,,,,,,,,,,,,,,,,1.0,
,,,,,,,,,,,,,,,,,,3.0,
,,,,,,,,,,,,,,,,,,2.0,
,,,,,,,,,,,,,,,,,,10.0,
,,,,,,,,12.0,,,,,,,,,,2.0,
,,,,,,,,,,,,,,,,,,96.0,
,,,,,,,,,,,,,,,,,,163.0,
,,,,,,,,,,,,,,,,,,100.0,
,,,,,,,,30.0,30.0,,,,,,,,,230.0,
,,,,,,,,,,,,,,,,,,63.0,
,,,,,,,,,,,,,,,,,,6.0,
,,,,,,,,,,,,,,,,,,-40.0,
,,,,,864.0,,,,,,,,,,,,,-90.0,
,,,,,,,,,,,,,,,,,,216.0,
,,,,,,,,,,,,,,,,,,0.0,
,,,,,,,,,,,,,,,,,,1303.0,
,,,,,,,,,,,,,,,,,,0.0,
,,,,,,,,,,,,,,,,,,504.0,
,,,,,,,,,,,,,,,,,,131.0,
,,,,,,,,,,,,,,,,,,-1198.0,
,,,,,,,,,,,,,,,,,,583.0,
,,,,,,,,,,,,,,,,,,13.0,
,,,,,,,,,,,,,,,,,,22.0,
,,,,,,,,,,,,,,,,,,17.0,
,,,,,,,,6.0,,,,,,,,,,95.0,
,,,,,,,,,,,,,,,,,,36.0,
,,,,,,6.0,,,,,,,,,,,,13.0,
,,,,,,,,,,,,,,12.0,,,,37.0,
,,,,,,,,,,,,,,,,,,58.0,
,,,,,,,,,,,,,,,,,,10.0,
,,,,,,,,,,,,,,,,,,189.0,
,,,,,,,,,,,,,,,,,,11.0,
,,,,,,,,12.0,12.0,,,,,,,,,183.0,
,,,,,,,,,12.0,,,,,,,,,41.0,
,,,,,,,,,,,,,,,,,,3.0,
,,,,,,,,,,,,,,24.0,,,,13.0,
,,,,,,,,,,,,,100.0,,,,,165.0,
,,,,,,24.0,,,36.0,,,,,24.0,,,,72.0,
,,,,,,,,,,,,,,,,,,17.0,
,,,,,,,,,,,,,,24.0,,,,1.0,
,,6.0,,,,,,12.0,,,,,,,,,,12.0,
,,,,,,,,,,,,,,24.0,,,,6.0,
,,,,,,,,,,,,,,12.0,,,,,
,,,,,,,,,,,,,,,,,,1.0,
,,12.0,,,,,6.0,6.0,17.0,,,,,24.0,,,,42.0,
,,,,,,,,,,,,,,,,,,13.0,
,,,,,,,,,,,,,,,,,,3.0,
,,,,,,,,,,,,,,,,,,376.0,
,,,,,,,,,,,,,,,,,,85.0,
,,,,,,,,,,,,,,,,,,7.0,
,,,,,,,,,,,,,,,,,,18.0,
,,,,,,,,,,,,,,,,,,60.0,
,,,,,,,,,,,,,,,,,,6.0,
,16.0,,,,,,,8.0,8.0,,,,,,,,,73.0,
,16.0,,,,,,,8.0,24.0,,,,,,,16.0,,150.0,
,16.0,,,,,,,8.0,32.0,,,,,,,16.0,,214.0,
,16.0,,,,,,,8.0,32.0,,,,,,,,,273.0,
,,,,3.0,,27.0,,15.0,9.0,,,,,,,,,1139.0,
,,,,,,,,,,,,,,,,,,5.0,
,,,,,,72.0,6.0,6.0,6.0,,,,,,,,,47.0,
,,,,,,66.0,6.0,18.0,17.0,,,,,,,,,65.0,
,,,,,,,,,,,,,,,,,,1.0,
,,,,,,,,6.0,6.0,,,,,,,,,15.0,
,,,,,,190.0,,,2.0,10.0,,,,8.0,,,,434.0,1.0
,,,,,,,,12.0,,,,,,,,,,38.0,
,,,,,,,,,,,,,,,,,,-476.0,
,,,,,,,,,,,,,,,,,,28.0,
,,,,,,,,,,,,,,,,,,20.0,
,,,,,,,,,3.0,,,,48.0,12.0,,,,50.0,
,,,,,,,,,,,,,,,,,,10.0,
,,,,,,,,,,,,,,,,,,44.0,
,,,,,,,,,,,,,,,,,,53.0,
,,,,,,,,,,,,,,,,,,5.0,
,,,,,,,,,,,,,,,,,,1.0,
,,,,,,,,,,,,,,,,,,2.0,
,,,,,,,,,,,,,,,,,,15.0,
,,,,,,,,,,,,,,,,,,194.0,
,,,,,,,,,,,,,,,,,,193.0,
,,,,,,,,,6.0,,,,,,,,,21.0,
,,,,,,,,,,,,,,,,,,17.0,
,,,,,,,,,,,,,,,,,,59.0,
,,,,,,,,,,,,,,,,,,37.0,
,,,,,,24.0,,,,,,,192.0,,,,,41.0,
,,,,,,,,,,,,,,,,,,413.0,
,,,,,,,,20.0,40.0,,,,500.0,,,,,485.0,
,,,,,,,,10.0,10.0,,,,100.0,,,,,623.0,
,,,,,,,,,,,,,200.0,,,,,-55.0,
,,,,,,0.0,,,,,,,,,,,,,
,,,,,,,,10.0,,,10.0,,,20.0,,,,63.0,
10.0,,,,,,410.0,,10.0,10.0,,10.0,,,20.0,,,,178.0,
,,,,,,400.0,,30.0,20.0,,,,200.0,20.0,,,,331.0,
,,10.0,,,,,,20.0,90.0,,,,600.0,10.0,,,,223.0,
,,,,,,,,,,,,,,,,,,1.0,
,,,,,,,,30.0,30.0,,,,100.0,20.0,,,,295.0,
,,,,,,,10.0,50.0,50.0,,,,400.0,40.0,,,,403.0,
,,,,,,150.0,,40.0,10.0,20.0,,,200.0,,,,,1124.0,4.0
,,,,,10.0,250.0,,40.0,40.0,,,,300.0,,,,,557.0,
10.0,,,,,10.0,,,10.0,,,,,,,,,,755.0,
10.0,,,,,,450.0,,30.0,20.0,,,,100.0,20.0,,,,456.0,4.0
,,,,,,,,,,,,,40.0,30.0,,,,622.0,
10.0,,,,,,,,,,10.0,,,,,,,,455.0,
,,,,,,,,,,,,,,,,,,202.0,
,,,,,,10.0,,,,,,,,,,,,22.0,
,,,,,10.0,,,,,,,,,,,,,44.0,
,,,,,,,,,,,,,,,,,,115.0,
,,,,,,,,,,,,,,,,,,298.0,
,,,,,,,,,,,,,,,,,,1.0,
,,,,,10.0,,,,,,,,,,,,,42.0,
,,,,,,,,,,,,,,,,,,1.0,
,,,,,,,,,,18.0,,,,,,,,90.0,
,,,,,,18.0,,,,18.0,,,,,,,,1131.0,
,,,,2.0,,,,6.0,,,,,,8.0,,,,60.0,
,2.0,6.0,,,,12.0,,10.0,8.0,2.0,,,36.0,4.0,,4.0,,79.0,
,,,,,,90.0,,,12.0,,,,,24.0,,,,123.0,
,,,,,,30.0,,,,,,,,,,,,326.0,
,,,,,,12.0,,,,,,,,,,,,-187.0,
,,,,,,114.0,,6.0,12.0,,,,,,,,,214.0,
,,,,,4320.0,,,,,,,,,,,,,73.0,
,,,,,5280.0,,,,,,,,,,,,,50.0,
,,,,,4800.0,,,,,,,,,,,,,53.0,
,,,,,4800.0,,,,,,,,,,,,,60.0,
,,,,,5280.0,,,,,,,,,,,,,58.0,
,,,,,,24.0,,,,,,,,,,,,101.0,
,,,,,,,,,,,,,,,,,,31.0,
,,,,,,,,,,,,,,,,,,36.0,
,,,,,,,,,,,,,,,,,,15.0,
,,,,,,,,,,,,,,8.0,,,,113.0,
,,,,,,,,,,,,,,,,,,49.0,
,,,,,,24.0,,,,,,,,,,,,63.0,
,,,,,,6.0,,,,,,,,,,,,54.0,
,,,,,,,,,,,,,,,,,,49.0,
,,,,,,,,,,,,,,,,,,46.0,
,,,,,,,,,,,,,,12.0,,,,123.0,
,,,,,,6.0,,,,,,,,,,,,72.0,
,,,,,,30.0,,,,,,,,,,,,5.0,
,,,,,,,,,,,,,,,,,,40.0,
,,,,,,,,,,,,,,,,,,28.0,
,,,,,,,,,,,,,,,,,,27.0,
,,,,,,,,,,,,,,6.0,,,,69.0,
,,,,,,,,,,,,,,,,,,48.0,
,,,,,,24.0,,,,,,,,,,,,24.0,
,,,,,,,,,,,,,,,,,,-1.0,
,,,,,,6.0,,,,,,,,,,,,64.0,
,,,,,,6.0,,,,,,,,,,,,28.0,
,,,,,,5.0,,,,,,,,,,,,27.0,
,,,,,,6.0,,,,,,,,,,,,58.0,
,,,,,,,,,,,,,,,,,,3.0,
,,,,,,,,,,,,,,,,,,12.0,
,,,,,,,,,,,,,,,,,,12.0,
,,,,,,,,,,,,,,,,,,1.0,
,,,,,,,,,,,,,,,,,,5.0,
,,,,,,,,,,,,,,,,,,2.0,
,,,,,,16.0,,,,,,,,,,,,,
,,,,,,,,,,,,,,,,,,2.0,
,,,,,,,,,,,,,,,,,,5.0,
,,,,,,,,,,,,,,,,,,15.0,
,,,,,,,,,,,,,,,,,,9.0,
,,,,,,,,,,,,,,,,,,6.0,
,,,,,,,,,,,,,,,,,,1.0,
,,,,,,,,,,,,,,,,,,28.0,
,,,,,,,,,,,,,,,,,,12.0,
,,,,,,,,,,,,,,,,,,213.0,
,,,,,,,,,,,,,,,,,,12.0,
,,,,,,,,,,,,,,,,,,6.0,
,,,,,,,,,,,,,,,,,,5.0,
,,,,,,,,,,,,,,,,,,1.0,
,,,,,,,,,,,,,,,,,,3.0,
,,,,,,,,,,,,,,,,,,4.0,
,,,,,,6.0,,,,,,,,,,,,514.0,
,,,,,,,,,,,,,,,,,,106.0,
,,,,,,,,,,,,,,,,,,7.0,
,,,,,,24.0,,,,,,,,,,,,8.0,
,,,,,,,,,,,,,,,,,,161.0,
,,,,,,,,,,,,,,,,,,6.0,
,,,,6.0,,,,,,,,,,,,,,0.0,
,,,,,,,,,,,,,,,,,,-4.0,
,,,,2.0,,,,,,,,,,,,,,30.0,
,,,,,,,,,,,,,,,,,,25.0,
,,,,,,,,,,,,,,,,,,2.0,
,,,,,,,,,,,,,,,,,,1.0,
,,,,,,,,,,,,,,,,,,12.0,
,,,,,,,,,,,,,,,,,,28.0,
,,,,,,,,,,,,,,,,,,8.0,
,,,,,,,,,,,,,,,,,,14.0,
,,,,,,,,,,,,,,,,,,35.0,
,,,,,,,,,,,,,,,,,,9.0,
,,,,,,,,,10.0,,,,,,,,,21.0,
,,,,,,,,,,,,,,,,,,15.0,
,,,,,,,,,,,,,,,,,,3.0,
,,,,,,12.0,,,,,,,,,,,,82.0,
,,,,,,12.0,,,,,,,,,,,,15.0,
,,,,,,,,,6.0,,,,,,,,,7.0,
,,,,,,12.0,,6.0,,,,,,,,,,4.0,
,,,,,,,,,,,,,,,,,,122.0,
,,,,,,,,,,,,,,,,,,172.0,
,,,,,,,,,,,,,,,,,,252.0,
,,,,,,,,,,,,,,,,,,247.0,
,,,,,,,,,,,,,,,,,,-27.0,
,,,,,,,,,24.0,,,,,,,,,65.0,
,,,,,,,,,,,,,,,,,,8.0,
,,,,,,,,,,,,,,,,,,27.0,
,,,,,,,,,,,,,,,,,,-23.0,
,,,,,,,,,,,,,,,,,,17.0,
,,,,,,,,,,,,,,,,,,1.0,
,,,,,,,,,,,,,,,,,,1.0,
,,,,,,,,,,,,,,,,,,6.0,
,,,,,,,,,,,,,,,,,,0.0,
,,,,,,,,,,,,,,,,,,33.0,4.0
,,,,,,,,,,,,,,,,,,24.0,
,,,,,,,,,,,,,,,,,,298.0,
,,,,,408.0,4.0,,,,,,,,,,,,196.0,
,,,,,,,,,,,,,,,,,,4.0,
,,,,,,,,,,,,,,,,,,3.0,
,,,,,,,,,,,,,,,,,,12.0,
,,,,,,,,,,,,,,,,,,2.0,
,,,,,,,,,,,,,,,,,,10.0,
,,,,,,,,,,,,,,,,,,13.0,
,,,,,,,,,,,,,,,,,,3.0,
,,,,,,,,,,,,,,,,,,16.0,
,,,,,,,,,,,,,,,,,,4.0,
,,,,,,,,,,,,,,,,,,1.0,
,,,,,,4.0,,,,,,,,,,,,12.0,
,,,,,,,,,,,,,,,,,,8.0,
,,,,,,,,,,,,,,,,,,25.0,
,,,,,,6.0,,,,,,,,,,,,20.0,
,,,,,,,,,,,,,,,,,,3.0,
,,,,,,,,,,,,,,,,,,2.0,
,,,,,,214.0,,,,,,,,,,,,-107.0,
,,,,,,690.0,,6.0,5.0,,,,32.0,24.0,,,,608.0,
,,,,,,,,,,,,,48.0,,,,,85.0,
,,,,,,,,,,,,,,,,,,17.0,
,,,,,,,,,,24.0,,,,,,,,45.0,
,,,,,,,,,,16.0,,,,,,,,17.0,
,,,,,,,,,,,,,,,,,,131.0,
,,,,,,,,,,,,,,,,,,100.0,
,,,,,,,,,,,,,,,,,,-170.0,
,,,,,,,,,,,,,,,,,,2.0,
,,,,,,,,,,,,,144.0,,,,,231.0,
,,,,,,,,,,,,,,,,,,0.0,
,,,,,,,,,,,,,,,,,,18.0,
,,,,,,,,,,,,,,,,,,64.0,
,,,,,,,,,,,,,,,,,,443.0,
,,,,,,,,,,,,,,,,,,60.0,
,,,,,,,,,,,,,,,,,,5.0,
,,,,,,,,10.0,,,,,,,,,,153.0,
,,,,,,,,,,,,,,,,,,72.0,
,,,,,,,,10.0,,,,,,,,,,83.0,
,,,,,,,,,,,,,,,,,,-27.0,
,,,,,,,,10.0,,,,,,,,,,178.0,
,,,,,,,,,,,,,,8.0,,,,13.0,
,,,,,,,,,,,,,,,,,,-102.0,
,,,,,,,,,,,,,,4.0,,,,195.0,
,,,,,,,,,,,,,,,,,,218.0,
,,,,,,12.0,,,,,,,,,,,12.0,596.0,
,,,,,,12.0,,,,,,,,,,,12.0,502.0,
,,,,,,,,,,,,,,,,,,1.0,
,,,,,,,,,,,,,,,,,,256.0,
,,,,,,24.0,,24.0,,,,,,,,,,399.0,
,,,,,,,,24.0,,,,,,,,,,39.0,
,,,,,,,,32.0,,,,,,,,,,91.0,
,,,,,,,,16.0,,,,,,,,,,166.0,
,,,,,,128.0,,16.0,-1.0,,,,,32.0,,,,225.0,
,,,,,,,,,,,,,,,,,,38.0,3.0
,,,,,,,,,36.0,,,,,,,,,315.0,
,,,,,,,,,,,,,,,,,,152.0,
,,,,,,,,,24.0,,,,,,,,,187.0,
,,,,12.0,,,,,,,,,,,,,,301.0,
,,,,,,,,,,,,,,,,,,132.0,
,,,,,,,,,,,,,,,,,,15.0,
,,,,,,,,,,,,,,,,,,4.0,
,,,,,,,,,,,,,,,,,,11.0,
,,,,,,10.0,,,,,,,,,,,,198.0,
,,,,,,10.0,,,,,,,,,,,,332.0,
,,,24.0,,6768.0,24.0,,,,,,,,,,,,212.0,
,,,,,,12.0,,,,,,,,,,,,153.0,
,,,,,9312.0,12.0,,,,,,,,,,,,502.0,
,,,,,,,,,,,,,,,,,,7.0,
,,,,,,,,,,,,,,,,,,3.0,
,,,,,,,,,,,,,,,,,,1157.0,
,,,,6.0,,,,,,,,,,,,,,3.0,
,,,,,,,,,,,,,,,,,4.0,7.0,
,,,,,,,,,,,,,,,,,,2.0,
,,,,,,,,,,,,,,,,,2.0,2.0,
,,,,,,6.0,,,,,,,,,,,3.0,19.0,
,,,,,,,,,,,,,,,,,,434.0,
,,,,,,,,,,,,,,,,,,91.0,
,,,,,,,,,,,,,,,,,,66.0,
,,,,,,,,,,,,,,,,,,111.0,
,,,,,,,,,,,,,,,,,,408.0,
,,,,,,,,,,,,,,,,,,4.0,
,,,,,,,,,,,,,,,,,,2.0,
,,,,,,,,,,,,,,,,,,58.0,
,,,,,,,,,,,,,,,,,,36.0,
,,,,,,,,,,,,,,,,,,3.0,
,,,,,,,,,,,,,,,,,,12.0,
,,,,,,,,,,,,,,,,,,64.0,
,,,,,,,,,20.0,,,,,,,,,16.0,
,,,,,,,,,,,,,,,,,,4.0,
,,,,,,,,,,,,,,,,,,2.0,
,,,,,,,,,,,,,,,,,,12.0,
,,,,,,,,,,,,,,,,,,2.0,
,,,,,,,,,,,,,100.0,,,,,606.0,
,,,,,,,,,,,,,,,,,,128.0,1.0
,,,,,,,,12.0,30.0,,,,200.0,,,,,258.0,
,,,,,,,,,,,,,,,,,,7.0,
,,,,,,,,,6.0,,,,,24.0,,,,50.0,
,,,,6.0,,,,12.0,,,6.0,,,,,,,144.0,
,,,,,,12.0,,,6.0,,,,12.0,,,,,316.0,
,,,,,,12.0,,3.0,,,,,,,,,,156.0,
,,,,,,,,,,,,,,,,,,64.0,
,,,,,,6.0,,,,48.0,,,,,,,,13.0,
,,,,,,7.0,,5.0,,,,,,,,,,19.0,
,,,,,,,,4.0,,,,,,,,,,16.0,
,,,,,,7.0,,,,,,,,,,,,16.0,
,,12.0,,,,,,48.0,12.0,,,,48.0,,,,,70.0,
,,,,,,24.0,,,12.0,,,,,,,,,56.0,
,,,,,,12.0,,,,,,,,,,,,10.0,
,,,,,,12.0,,,,,,,,,,,,4.0,
,,,,,,,,,,,,,,,,,,52.0,
,,,,,,24.0,,,,,,,,,,,,23.0,
,,,,,,,,24.0,,,,,,,,,,24.0,
,,,,,,,,,,,,,,,,,,11.0,
,,,,,,,,,,,,,,,,,,184.0,
,,,,,,,,,,,,,,12.0,,,,258.0,
,,,,,,12.0,,,,,,,,,,,,244.0,
,,,,,,,,,,,,,,,,,,74.0,
,,,,,,,,,,,,,,,,,,206.0,
,,,,,,,,,,,,,,,,,,83.0,
,,12.0,,,,12.0,,,,,,,,,,,,312.0,
,,12.0,,,,,,36.0,48.0,,,,384.0,,,,,35.0,
,,,,,,,,,12.0,12.0,,,,,,,,63.0,
,,,,,,,,90.0,12.0,12.0,,,192.0,,,,,1015.0,
,,,,,,,,,,,,,,,,,,2.0,
,,,,,,,,,,,,,,,,,,39.0,
,,12.0,,,,,,,,,,,,,,,,8.0,
,,12.0,,,,,,36.0,24.0,,,,288.0,,,,,24.0,
,,,,,,,,96.0,12.0,,,,12.0,,,,,433.0,
,,,,,,,,,,,,,,,,,,2.0,
,,,,,,,,,,,,,,,,,,30.0,
,,,,,,,,,,,,,,,,,,4.0,
,,12.0,,,,,,,,,,,,,,,,46.0,
,,12.0,,,,,,48.0,24.0,,,,288.0,,,,,12.0,
,,,,,,,,72.0,12.0,,,,,,,,,40.0,
,,,,,,,,96.0,12.0,,,,288.0,,,,,564.0,
,,,,,,,,,,,,,,,,,,12.0,
,,,,,,,,,,,,,,,,,,34.0,
,,,,,,,,,,,,,,,,,,4.0,
,,,,,,,,,,,,,,,,,,34.0,
,,,,,,,,,,,,,,,,,,28.0,
,,,,,,,,,,,,,,,,,,426.0,
,,,,,,,,,,,,,,,,,,3.0,
,,,,,,,,,,,,,,,,,,68.0,
,,,,,,,,,,,,,,,,,,99.0,
,,,,,,,,,,,,,,,,,,231.0,
,,,,,,,,,,,,,,,,,,17.0,
,,,,,,,,,,,,,,,,,,36.0,
,,,,,,,,,,,,,,,,,,46.0,
,,,,,,,,,,,,,,,,,,45.0,
,,,,,,50.0,,,,,,,,,,,,252.0,
,,,,,,,,,4.0,,,,,,,,,41.0,
,,,,,,3.0,,,,,,,,12.0,,,,50.0,
,,,,,,,,,,,,,24.0,,,,,,
,,,,,,,,,,,,,,,,,,13.0,
,,,,,,,,,,,,,,,,,,1.0,
,,24.0,,,,24.0,,72.0,48.0,,,,576.0,,,,24.0,311.0,
,,,,,,,,72.0,24.0,,,,288.0,,,,32.0,295.0,
,,,,,,,,24.0,,,,,,,,,24.0,119.0,
,,,,,,,,72.0,24.0,,,,288.0,,,,30.0,217.0,
,,,,,,48.0,,12.0,,,24.0,,,,,,,118.0,
,,,,,,60.0,,,,,24.0,,,,,,,116.0,
,,,,,,,,,,,,,,,,,,9.0,
,,,,,,,,,,,,,,,,,,2.0,
,,,,,,,,,,,,,,,,,,1.0,
,,,,,,,,12.0,6.0,,,,,,,,,22.0,
,,,,,,,,,,,,,,,,,,1.0,
,,,,,,,,,,,,,,,,,,4.0,
,,,,,,,,,,,,,,,,,,36.0,
,,,,,,,,,,,,,,,,,,16.0,
,,,,,,,,8.0,,,,,,16.0,,,,85.0,
,,,,,,,,,,,,,,32.0,,,,131.0,
,,,,,,,,12.0,,,,,,,,,,198.0,
,,,,,,,,,,,,,,,,,,70.0,
,,,,,,,,,,,,,,,,,,30.0,
,,,,,,,,,,,,,,,,,,1.0,
,,,,,,,,,,,,,,,,,,18.0,
,,,,,,,,,,,,,,,,,,2.0,
,,,,,,,,,,,,,,,,,,1.0,
,,,,,,,,2.0,2.0,,,,,12.0,,,,40.0,
,,,,,,10.0,,20.0,30.0,,,,50.0,,,,,327.0,
,,,,,,6.0,,,12.0,,,,,24.0,,6.0,,170.0,
,,,,,,8.0,,24.0,32.0,,,,150.0,,,,,348.0,
,,6.0,,,,6.0,,,36.0,,,,,24.0,,,,86.0,
,,,,,,12.0,,,,,,,,,,,,266.0,
,,,,,,12.0,,,,,,,,,,,,229.0,
,,,,,,12.0,,,,,,,,,,,,271.0,
,,,,,,12.0,,,,,,,,,,,,246.0,
,,,,,,12.0,,,,,,,,,,,,158.0,
,,,,,,,,,,,,,,,,,,168.0,
,,,,6.0,,288.0,,,12.0,,,,,12.0,,,,410.0,
,,,,12.0,,,,,,,,,,,,,,594.0,
,,,,,,,,,,,,,,,,,,17.0,
,,,,,,,,,,,,,,,,,,46.0,
,,,,,,,,,,,,,,,,,,43.0,
,,,,12.0,,,,,,,,,,36.0,,,,21.0,
,,,,,,,,,,,,,,,,,,80.0,
,,,,,,,,,,,,,,,,,,52.0,
,,,,,,,,,,,,,,,,,,571.0,
,,,,6.0,,,,,,,,,,,,,,896.0,
,,,,12.0,,,,,,,,,,,,,,510.0,
,,,,,,288.0,,,,,,,,,,,,812.0,
,,,,3.0,,6.0,,,,,,,,,,,,50.0,
,,,,,,,,,,,,,,,,,,262.0,
,,,,,,,,,,,,,,,,,,22.0,
,,,,,,,,,,,,,,,,,,48.0,
,,,,,,,,,,,,,,,,,,32.0,
,,,,,,,,,,,,,,,,,,157.0,
,,,,,,,,,,,,,,,,,,30.0,
,,,,,,,,,,,,,,,,,,66.0,
,,,,,,,,,,,,,,,,,,34.0,
,,,,,,,,,,,,,,,,,,13.0,
,,,,,,,,,,,,,,,,,,31.0,
,,,,,,,,,,,,,,,,,,34.0,
,,,,,,,,,,,,,,,,,,94.0,
,,,,,,,,,,,,,,,,,,2.0,
,,,,,,,,,,,,,,,,,,37.0,
,,,,,,,,,,,,,,,,,,12.0,
,,,,,,,,,,,,,,,,,,79.0,
,,,,,,,,,,,,,,,,,,30.0,
,,,,,,,,,,,,,,,,,,25.0,
,,,,,,,,,,,,,,,,,,35.0,
,,,,,,,,12.0,,,,,,,,,,53.0,
,,,,,,,,,,,,,,,,,,12.0,
,,,,,,,,,,,,,,,,,,31.0,
,,,,,,24.0,12.0,12.0,12.0,,,,192.0,12.0,,,24.0,213.0,
,,,,,,,,,,,,,,,,,,24.0,
,,24.0,,,24.0,768.0,24.0,84.0,24.0,,,,480.0,,240.0,,,3661.0,
,,,,,24.0,,,24.0,,,,,240.0,,,,24.0,2019.0,
,,,,,,12.0,,,,,,,,,,,,71.0,
,,,,,,480.0,,,,,,,,,,,,41.0,
,,4.0,,,,72.0,4.0,4.0,3.0,,,,120.0,,,,,180.0,
,2.0,1.0,,,,3.0,,1.0,-2.0,,,,,24.0,,,,163.0,
,,,,,,,,,6.0,,,,168.0,24.0,,,,260.0,
,,,,,,,,10.0,,,,,,,,,,7.0,
,,,,,,,,,,,,,,,,,,18.0,
,,,,,,,,,,,,,,,,,,7.0,
,,,,,,,,,,,,,,10.0,,,,13.0,
,,,,,,,,10.0,30.0,,,,200.0,,,,,16.0,
,,,,,,,,10.0,,,,,20.0,,,,,80.0,
,,,,,,,,,,,,,,,,,,1.0,
,,,,,,,,,15.0,,,,,,,,,,
,,,,,,,,,,,,,,,,,,2.0,
,,,,,,,,,,,,,,,,,,-47.0,
,,,,,72.0,36.0,,,18.0,,,,,,,,,2662.0,
,16.0,,,,,,8.0,8.0,21.0,,,,,,,,,162.0,
,16.0,,,,,,,8.0,24.0,,,,,,,,,116.0,
,16.0,,,,,,8.0,8.0,24.0,,,,,,,,,90.0,
,16.0,,,,,,8.0,8.0,8.0,,,,,,,,,73.0,
,16.0,,,,,,8.0,32.0,32.0,,,,,,,,,127.0,
,16.0,,,,,,8.0,16.0,24.0,,,,,,,,,93.0,
,16.0,,,,,,8.0,16.0,24.0,,,,,,,,,48.0,
,16.0,,,,,,8.0,24.0,16.0,,,,,,,,,169.0,
,,,,,,,,,,,,,,24.0,,,,28.0,
,,,,,,,,12.0,,12.0,,,,24.0,,,,25.0,
,,,,,,,,,,,,,,,,,,197.0,
,,6.0,,,,,,,12.0,,,,,,,,,43.0,
,,,,,,,,,,,,,12.0,,,,,38.0,
,,,,,,,,,,,,,,,,,,14.0,
,,,,,,,,,,,,,,,,,,65.0,
,,,,,,,,,,,,,,,,,,82.0,
,,,,,,,,,,,,,,,,,,-12.0,
,,,,,,,,,,,,,,,,,,153.0,
,,,,,,,,,,,,,,,,,,129.0,
,,,,2.0,,33.0,,,,,,,,,,,,61.0,
,,,,,,2.0,,,-1.0,,,,,,,,,38.0,
,,,,,,2.0,,,,,,,,,,,,56.0,
,,,,,,12.0,,,,,,,,,,,,145.0,
,,,,,,,,,,,,,,,,,,6.0,
,,,,,,,,,,,,,,,,,,3.0,
,,,,,,,,,,,,,,,,,1.0,12.0,
,,,,,,,,,,,,,,,,,,8.0,
,,,,,,,,,,,,,,,,,,5.0,
,,,,,,,,,,,,,,,,,24.0,8.0,
,,,,,,,,,,,,,,,,,,5.0,
,,,,,,,,,,,,,,4.0,,,,1.0,
,,,,12.0,,,,,,,,,,,,,,75.0,
,,,,1.0,,,,,,2.0,,,,,,,,12.0,
,,,,,,16.0,,,8.0,,,,,,,,,116.0,
,,,,2.0,,24.0,,,24.0,,,,,,,,,263.0,
,,,,,,,,,,,,,,,,,,2.0,
,,,,,,6.0,,,,6.0,,,,,,,,44.0,
,,,,,,,,,,6.0,,,,,,,,11.0,
,,,,,,,,,,6.0,,,48.0,,,,,304.0,
,,,,,,,,,,6.0,,,48.0,,,,,152.0,
,,,,,48.0,,,,,,,,,,,,,32.0,
,,,,,24.0,,,,,3.0,,,,,,,,73.0,
,,,,,,,,,,,,,,,,,,36.0,
,,,,,,,,,,,,,,,,,,18.0,
,,,,,,,,,,,,,,24.0,,,,17.0,
,,,,,,,,,,,,,,,,,,744.0,
,,,,,,32.0,,,,,,,,,,,,163.0,
,,,,,,32.0,,,,,,,,,,,,139.0,
,,,,,,,,,,,,,,,,,,2.0,
,,,,,,32.0,,,,,,,,,,,,124.0,
,,,,,,32.0,,,,,,,,,,,,146.0,
,,,,,,,,,,,,,,,,,,50.0,
,,,,,,,,,,,,,,,,,,83.0,
,,,,,,,,,,,,,,,,,,1.0,
,,,,,,,,,,,,,,8.0,,,,5.0,
,,,,,,,,,,,,,,,,,,1.0,
,,,2.0,4.0,,,,,,,,,,,,,,4.0,
,,,2.0,,,,,,,,,,,,,,,8.0,
,,,,,,,,,,,,,,,,,,103.0,
,,,,,,,,,,,,,,,,,,421.0,
,,,,,,,,,,,,,,,,,,128.0,
,,,,,,,,,,,,,,,,,,22.0,
,,,,,,,,,,,,,,,,,,132.0,
,,,,,,,,,,,,,,,,,,2.0,
,,,,,,,,,,,,,,,,,,2.0,
,,,,,,,,,,,,,,,,,,2119.0,
,,,,,,,,,,,,,,,,,,-4.0,
,,,,,,,,,,,,,,,,,,10.0,
,,,,,,,,,,,,,,,,,,42.0,
,,,,,,,,,,,,,,,,,,44.0,
,,,,,,,,,,,,,,,,,,39.0,
,,,,,,,,,,,,,,,,,,6.0,
,,,,,,,,,,,,,,,,,,36.0,
,,,,,,18.0,,,,,,,,,,,,65.0,
,,,,3.0,,,,,,,,,,,,,,315.0,
,,,,6.0,,,,,,,,,,,,,,326.0,
,,,,,,,,,,,,,,,,,,-2.0,
,,,,12.0,,,,,,,,,,,,,,640.0,
,,,,,,,,12.0,,,,,,,,,,19.0,
,,,,,,,,12.0,,,,,,,,,,56.0,
,,,,,,,,,12.0,,,,,,,,,53.0,
,,,,,,,,12.0,24.0,,,,,,,,,99.0,
,,,,,,,,,,,,,,,,,,6.0,
,,,,,,,,,,,,,,,,,,1.0,
,,,,,,6.0,,4.0,,6.0,,,,,,,,84.0,
,,,,,,,,,,,,,,,,,,8.0,
,,,,,,,,,,,,,,,,,,11.0,
,,,,,,,,,,,,,,,,,,1.0,
,,,,,,,,,,,,,,,,,,171.0,
,,,4.0,,,,,,,,,,,,,,,11.0,
,,,4.0,8.0,,,,,,,,,,,,,,55.0,
,,,,,,3.0,,,,,,,,,,,,15.0,
,,,,,,,,,,,,,,,,,,10.0,
,,,,,,,,,,,,,,,,,,0.0,
,,,,,,,,,,,,,,,,,,-1.0,
,,,,,,32.0,,,,,,,,,,,,74.0,
,,,,,,,,,,,,,,,,,,9.0,
,,,,,,,,,,,,,,,,,,12.0,
,,,,,,,,,,,,,,,,,,5.0,
,,,,,,,,,,,,,,,,,,6.0,
,,,,,,,,,,,,,,,,,,2.0,
,,,,,,,,,,,,,,,,,12.0,471.0,
,,,,,,,,,,,,,,,,,120.0,491.0,
,,,,,,,,,,,,,,,,,,55.0,
,,,,,,,,12.0,,,,,,,,,,305.0,
,,,,,,,,12.0,,,,,,,,,,47.0,
,,,,,,2.0,,,,,,,,,,,,7.0,
,,,,,,2.0,,,,,,,,,,,,8.0,
,,,,,,,,,,,,,,,,,,4.0,
,,,,,,,,,,,,,,,,,,1.0,
,,,,,,,,,,,,,,,,,,-21.0,
,,,,,,,,,,,,,,,,,,3.0,
,,,,,,,,,,,,,,,,,,97.0,
,,,,,,,,,,,,,,,,,,4.0,
,,,,,,,,,,,,,,,,,,2.0,
,,,,,,,,,,,,,,,,,,1.0,
,,,,,,,,,,,,,,,,,,2.0,
,,,,,,,,,,,,,,,,,,5.0,
,,,,,,,,,,,,,,,,,,2.0,
,,,,,,,,,,,,,,,,,,5.0,
,,,6.0,,,,,,,,,,,,,,,5.0,
,,,,,,,,,,,,,,,,,,8.0,
,,,6.0,,,,,,,,,,,,,,,9.0,
,,,,,,,,,,,,,,,,,,14.0,
,,,,,,,,,,,,,,,,,,22.0,
,,,,,,,,,,,,,,,,,,97.0,
,,,,,,,,,12.0,,,,,,,,,402.0,
,,,,,,12.0,,,12.0,,,,,,,,,77.0,
,,,,,,,,,,,,,,,,,,240.0,
,,,,,,,,,,,,,576.0,,,,,657.0,
,,,,,,,,,,,,,,,,,,6.0,
,,,,,,,,,,,,,,,,,,56.0,
,,,,,,,,,,,,,,,,,,138.0,
,,,,,,,,,,,,,576.0,,,,,534.0,
,,,,,,,,,,,,,,,,,,26.0,
,,,,,,,,12.0,6.0,,,,,,,,,9.0,
,,,,,,,,12.0,6.0,,,,,,,,,2.0,
,,,,,,,,,6.0,,,,,,,,,,
,,,,,,,,,6.0,,,,,,,,,,
,,,,,,108.0,,,,,,,,,,,12.0,194.0,
,,,,,,,,,,,,,,,,,,76.0,
,,,,,,102.0,,,,,,,,,,,,13.0,
,,,,,,,,,,,,,,,,,,58.0,
,,,,,,,,,,,,,,,,,,1.0,
,,,,,,,,,,,,,,,,,,3.0,
,,,,,,,,,,,,,,,,,,23.0,
,,,,,,,,,,,,,,,,,,13.0,
,,,,,,,,,,,,,,,,,,-7.0,
,,,,3.0,,6.0,,,,,,,,,,,,171.0,
,,,,,,3.0,,,,,,,,,,,,33.0,
,,,,,,,,,,,,,,,,,,1.0,
,,,,,,,,,,3.0,,,,,,,,22.0,
,,,,3.0,,,,,,3.0,,,,,,,,166.0,
,,,,,,,,,,,,,,,,,11.0,26.0,
,,,,,,,,,,,,,,,,,,7.0,
,,,,,,,,,,,,,,,,,,13.0,
,,,,,,,,,,,,,,,,,,7.0,
,,,,,,,,,,,,,,,,,,3.0,
,,,,,,,,,,,,,,,,,,5.0,
,,,6.0,,,,,,,,,,,,,,,10.0,
,,,,,,,,,,,,,,,,,,1.0,
,,,,,,,,,,,,,,,,,,1.0,
,,,,,,,,,,,,,,,,,,192.0,
,,,,,,,,,,,,,,,,,,73.0,
,,6.0,,,,,,,6.0,,,,,,,,,1.0,
,,,,,,,,,,,,,,,,,,18.0,
,,,,,,,,,6.0,,,,,,,,,-6.0,
,,,,,,,,,,,,,,,,,,28.0,
,,4.0,,4.0,,4.0,,4.0,,,,,,8.0,,,,78.0,
,,,,,,8.0,,8.0,32.0,,8.0,,336.0,,,,,160.0,
,,,,,,4.0,,,,,,,,,,,,40.0,
,,,,,,8.0,,,8.0,,,,,,,,,53.0,
,,6.0,,,,,4.0,22.0,12.0,,,,3.0,2.0,,4.0,,22.0,
,,,12.0,,,220.0,,,,,,,,,,,,49.0,
,,,,,,216.0,,,,,,,,,,,,60.0,
,,,,,,,,,36.0,,,,,,,,12.0,35.0,
,,,,,,,,,,,,,,,,,,53.0,
,,,,,,,,,,,,,,,,,,25.0,
,,,,,,,,,,,,,,,,,,46.0,
,,,,,,,,,,,,,,,,,,230.0,
,,4.0,,,,16.0,,,,,,,,,,,,223.0,
,,,,,,,,,,,,,,,,,,43.0,
,,,,,,,,,,,,,,,,,,81.0,
,,,12.0,,,,,,,,,,,,,,,70.0,
,,,,,,,,,,,,,,,,,,71.0,
,,,,,,,,,,,,,,,,,,2.0,
,,,,,,,,,,,,,,,,,,34.0,
,,,,,,,,,,,,,,,,,,300.0,
,,,,,,,,,,,,,,,,,,305.0,
,,,,,,,,,,,,,,,,,,304.0,
,,,,,,,,,,,,,,,,,,10.0,
,,,,,,,,,,,,,,,,,,71.0,
,,,,,,,,,,,,,,,,,,26.0,
,,,,,,6.0,,,,,,,,,,,,3.0,
,,,,,,6.0,,,,,,,,12.0,,,,6.0,
,,,,,,6.0,,,,,,,,,,,,6.0,
,,,,,,6.0,,,,,,,,,,,,7.0,
,,,,,,12.0,,,,,,,,,,,,9.0,
,,,,,,6.0,,,,,,,,,,,,8.0,
,,,,,,,,,,,,,,,,,,12.0,
,,,,,,,,,,,,,,,,,,11.0,
,,,,,,,,,,,,,,,,,,4.0,
,,,,,,,,,,,,,,,,,,1.0,
,,,,,,,,,,,,,,,,,,0.0,
,,,,,,,,,,,,,,,,,,6.0,
,,,,,,150.0,,,,,,,,,,,,46.0,
,,,,,,,,,,,,,,,,,,17.0,
,,,,,,12.0,,,,,,,48.0,,,,,230.0,
,,,,,,,,,,,,,,,,,,45.0,
,,6.0,,,12.0,36.0,,,36.0,,,,108.0,12.0,,,,327.0,
,,,,,,24.0,,,18.0,,,,72.0,12.0,,,,182.0,
,,,,4.0,,16.0,,,4.0,,,,,,,,,285.0,
,,,,,,33.0,,,18.0,,,,96.0,,,,3.0,677.0,
,,,,,,28.0,,,,,,,,,,,2.0,282.0,
,,,,,,,,,,,,,,,,,,2.0,
,,,,,,,,,,,,,,,,,,337.0,
,,,,,,,,,,,,,,,,,,-7.0,
,,,,,,,,,,,,,,,,,,148.0,
,,,,,,,,,,,,,,,,,,4.0,
,,,,,,,,,,,,,,,,,,-6.0,
,,,,,,,,,,,,,,,,,,512.0,
,,,,,,,,,,,,,,,,,,450.0,
,,,,,,,,,-25.0,,,,,,,25.0,,-200.0,
,,,,,,,,,,,,,,,,,,1125.0,
,,,,,,,,25.0,25.0,,,,,25.0,,,,925.0,
,,,,,,,,25.0,,,,,,,,,,450.0,
,,,,,,,,25.0,,,,,,,,,,500.0,
,,,,,,,,,,,,,,,,,,-275.0,
,,,,,,,,,,,,,,,,,,175.0,
,,,,,,,,,,,,,,,,,,172.0,
,,,,,,,,,,,,,,,,,,1.0,
,,,,,,,,,,,,,,,,,,349.0,
,,,,,,,,12.0,,,,,144.0,,,,,293.0,
,,,,,,,,,,,,,24.0,,,,,220.0,
,,,,,,,,,,,,,84.0,,,,,269.0,
,,,,,,,,,,,,,,,,,,100.0,
,,,,,,,,,,,,,,24.0,,,,153.0,
,,,,,,,,,,,,,,,,,,53.0,
,,,,2.0,,52.0,,,,10.0,,,,,,,,337.0,
,,2.0,,2.0,,164.0,,,,20.0,,,,,,,,322.0,
,,,,,,,,,0.0,,,,,,,,,,
,,4.0,,,,8.0,4.0,,10.0,,,,,4.0,,,6.0,249.0,
,,,,,,2.0,,,,,,,,,,,,37.0,
,,,,,,12.0,,,,,,,,,,,,75.0,
,,,,,,,,,,,,,,,,,,6.0,
,,,,,,,,,6.0,,,,,,,,,257.0,
,,,,,,,,,,,,,,,,,,25.0,
,,,,,,3.0,,,6.0,,,,,,,,,204.0,
,,,,,,3.0,,,,,,,,,,,,38.0,
,,,,,,12.0,,,6.0,,,,,,,,,419.0,
,,,,,,,,,,,,,,,,,,47.0,
,,,,,,4.0,,4.0,4.0,,,,,,,,,36.0,
,,,,,,,,,,,,,,,,,,14.0,
,,,,,,204.0,,,2.0,,,,,,,,,163.0,
,,,,,,3.0,,,,,,,,,,,,19.0,
,,,,,,,,,12.0,,,,,,,,,33.0,
,,,,,,,,,48.0,,,,,,,,,282.0,
,,,,,,,,,,,,,,,,,,-144.0,
,,,,,,,,,,,,,,,,,,230.0,
,,,,,,,,,,,,,,,,,,245.0,
,,,,,,6.0,,,,,,,,,,,,232.0,
,,,,,,,,,,,,,,,,,,246.0,
,,,,,,,,,,,,,,,,,,261.0,
,,,,,,,,,,,,,,,,,,151.0,
,,,,,,,,,,,,,,,,,,124.0,
,,,,,,2.0,,,,,,,,,,,,88.0,
,,,,,,2.0,,,,,,,,,,,,16.0,
,,,,,,0.0,,,,,,,,,,,,110.0,
,,,,,,,,,,,,,,,,,,104.0,
,,,,,,,,,6.0,,,,,,,,,72.0,
,,,,,,,,,,,,,,,,,,23.0,
,,,,,,,,,,,,,,,,,,41.0,
,,12.0,,,6.0,,,30.0,23.0,,,,180.0,,,,,209.0,
,,,,,,,,,,,,,,,,,,42.0,
,,,,,,6.0,,,,,,,,,,,,184.0,
,,,,,,,,24.0,,,,,,,,,,,
,,,,,,6.0,,,6.0,,,,120.0,,,,,162.0,
,,,,,6.0,,,,,,,,60.0,,,,,30.0,
,,,,,,,,,12.0,,,,,,,,,54.0,
,,,,,,,,12.0,18.0,,,,,,,,5.0,156.0,
,,,,,,,,12.0,54.0,,,,24.0,,,,4.0,124.0,
,,,,,,,,12.0,,,,,144.0,,,,,26.0,
,,,,,,,,6.0,,,,,,,,,,88.0,
,,,,,,,,,,,,,96.0,,,,,151.0,
,,,,,,480.0,,,,,,,,,,,,123.0,
,,,,,,,,,,,,,,,,,,52.0,
,,,,,,12.0,,,,,,,,,,,,67.0,
,,,,,,192.0,,,,,,,,,,,,33.0,
,,,,,,204.0,,,,,,,,,,,,102.0,
,,,,,,,,,,,,,,,,,,221.0,
,,,,,,,,,,,,,,,,,,59.0,
,,,,,,648.0,,,,,,,,,,,,257.0,
,,,,,,576.0,,,,,,,,,,,,136.0,
,,,,,,,,,,,,,,,,,,1.0,
,,,,,,,,,,,,,,,,,,4.0,
,,,,,,,,,,,,,,,,,,26.0,
,,,,,,,,,,,,,,,,,,27.0,
,,,,,,,,,,,,,,,,,,25.0,
,,,,,,6.0,,,,,,,,,,,,39.0,
,,,,,,6.0,,,,,,,,,,,,10.0,
,,,,,,204.0,,,,,,,,,,,,42.0,
,,,,,,,,,,48.0,,,,,,,,,
,,,,,,,,,,48.0,,,,,,,,14.0,
,,,,,,,,,,,,,,,,,,1.0,
,,,,,,,,,,,,,,,,,,13.0,
,,,,,,,,,,,,,,,,,,2.0,
,,,,,,,,,,,,,,,,,,7.0,
,,,,,,,,,,,,,,,,,4.0,113.0,
,,,,,,,,,,,,,,,,,,234.0,
,,,,,,,,,,,,,,,,,,-1.0,
,,,,,,,,,,,,,,,,,,107.0,
,,,,,,,,,,,,,,,,,,28.0,
,,,,,,,,,,,,,,,,,,77.0,
,,,,,,,,,,,,,,,,,,13.0,
,,,,,,,,,,,,,,,,,,19.0,
,,,,,,,,,,,,,,,,,,21.0,
,,,,,,,,,,,,,,,,,,12.0,
,,,,,,,,,,,,,,,,,,1.0,
,,,,,,,,,,,,,,,,,,3.0,
,,,,,,,,,,,,,,,,,,52.0,
,,,,,,,,,,,,,,,,,,4.0,
,,,,,,,,,,,,,,,,,,9.0,
,,,,,,,,,,,,,,,,,,63.0,
,,,12.0,,,,,,,,,,,,,,,104.0,
,,,,,,,,,,,,,,,,,,58.0,
,,,,,,24.0,,,,,,,,,,,,12.0,
,,,,,,,,,,,,,,,,,,88.0,
,,,,,,,,,,,,,,,,,,47.0,
,,,,,,,,12.0,,,,,,,,,,132.0,
,,,,,,,,,,,,,,,,,,129.0,
,,,,,,,,,,,,,,,,,,66.0,
,,,,,,,,24.0,,,,,,,,,,74.0,
,,,,,,,,,,,,,,,,,,297.0,
,,,,,,,,,,,,,,,,,,20.0,
,,,,,,,,,,,,,,,,,,26.0,
,,,,,,,,,9.0,,,,,,,,,68.0,4.0
,,,,,,,,,,,,,,,,,,22.0,
,,,,,,,,,,,,,,,,,,16.0,
,,,,,,,,,12.0,,,,,,,,,16.0,
,,,6.0,,,,,,,,,,,,,,,74.0,
,,,,,,,,,,,,,,,,,,23.0,
,,,,,,4.0,,,-2.0,,,,,,,,,55.0,
,,,,,,3.0,,,,,,,,8.0,,,,12.0,
,,,,,,,,,,,,,,,,,,11.0,
,,,,,,,,,,,,,,,,,,8.0,
,,,,,,,,,,,,,,,,,,12.0,
,,,,,,,,,,,,,,16.0,,,,12.0,
,,,,,,,,,,,,,,,,,,170.0,
,,,,,,,,,,,,,,,,,,12.0,
,,,,,,,,,1.0,12.0,,,,,,,,20.0,
,,,,,,12.0,,,36.0,,,,192.0,,,,,136.0,
,,,,,,12.0,,,12.0,,,,192.0,,,,,168.0,
,,,,,,12.0,,,12.0,,,,96.0,,,,,93.0,
,,,,,,,,,12.0,,,,192.0,,,,,285.0,
,,,,,,12.0,,,36.0,,,,288.0,,,,,159.0,
,,,,,,12.0,12.0,,12.0,,,,96.0,,,,,134.0,
,,,,,,,,,,,,,,,,,,18.0,
,,,,,,,,,,,,,,,,,,121.0,
,,,,,,,,,,,,,,,,,,52.0,
,,,,,,,,,,,,,,,,,,183.0,
,,,,,,,,,,,,,,,,,,34.0,
,,,,,,,,,,,,,,,,,,158.0,
,,,,,,,,,36.0,,,,96.0,,,,,342.0,
,,,,,,8.0,,,,,,,,,,,,11.0,
,,,,,,,,,,,,,,,,,,36.0,
,,,,,,,,,,,,,96.0,,,,,64.0,
,,,,,,,,,,,,,360.0,,,,,74.0,
,,,,,,,,,,,,,,,,,,48.0,
,,,,,,,,,,,,,,,,,,20.0,
,,,,,,,,,,,,,,,,,,18.0,
,,,,,,,,,,,,,,,,,,36.0,
,,,,,,,,,,,,,,16.0,,,,34.0,
,,,,,,,,,,,,,,,,,,16.0,
,,,,,,,,,,,,,,,,,,22.0,
,,,,,,,,,,,,,,,,,,17.0,
,,,,,,,,,,,,,,12.0,,,,55.0,
,,,,,,12.0,,48.0,,12.0,,,,24.0,,,,,
,,,,,,,,,,,,,,,,,,6.0,
,,,,,12.0,,,,,24.0,,,,,,,,,
,,,,,,,,24.0,36.0,12.0,,,,,,,,212.0,
,,,,,2052.0,24.0,,,,24.0,,,,24.0,,,8.0,,
,,,,,,,,,,,,,,,,,,47.0,
,,,12.0,,,12.0,,,,,,,,,,,,53.0,
,,,,,,24.0,,12.0,4.0,,,,,,,,,296.0,
,,,,,,,,,,4.0,,,,,,,,392.0,
,,,,,,,,24.0,,,,,,,,,,56.0,
,,,,,,,,,,,,,,,,,,330.0,
,,,,,,24.0,,,,,,,,,,,,240.0,
,,,,,,,,,,,,,,,,,,1.0,
,,,,,,,,,,,,,,,,,,19.0,
,,,,,,,,,,,,,,,,,,22.0,
,,,,,,224.0,,,,,,,,,32.0,,,69.0,
,,,,,,224.0,,,,,,,,,32.0,,,97.0,
,,,,,,,,8.0,31.0,,8.0,,32.0,16.0,,,,192.0,
,,,,,,400.0,,12.0,,,,,,,,,,98.0,
,,,,,,,,,,,,,,,,,,-37.0,
,,,,,,,,,,,,,,,,,,12.0,
,,,,,,,,,,,,,,,,,,24.0,
,,,,,,,,,,,,,,,,,,14.0,
,,,,,,,,,,,,,,,,,,24.0,
,,,,,,,,,,,,,,,,,,-79.0,
,,,,,,,,,,,,,,,,,,34.0,
,,,,,,,,,,,,,,,,,,76.0,
,,,,,,,,,,,,,,,,,,227.0,
,,,,,,,,,,,,,,,,,,38.0,
,,,,3.0,,,,,,,,,,,,,,58.0,
,,,,,,60.0,,129.0,56.0,,,,,,,36.0,12.0,657.0,
,,,,,,,,,,,,,,,,,,26.0,
,,,,6.0,,30.0,,,,,,,,,,,,930.0,
,,,,,,,,,,,,,,,,,,16.0,
,,,2.0,,,,,,,,,,,,,,,74.0,
,,,,6.0,,,,,,,,,,,,,,,
,,,2.0,,,,,,,,,,,,,,,48.0,
,,,,,,6.0,,,,,,,,24.0,,,,16.0,
,,,,,,6.0,,,,,,,,24.0,,,,14.0,
,,,,,,6.0,,,,,,,,,,,,51.0,
,,,,,,6.0,,,,,,,,24.0,,,,55.0,
,,,,,,,,,,,,,,,,,,3.0,
,,,,,,,,,,,,,,,,,,52.0,
,,,,,,,,,,,,,,,,,,15.0,
,,,,,,,,,,,,,,,,,,229.0,
,,,,,,192.0,,12.0,,,,,,,,,,64.0,
,,,,,,,,12.0,,,,,,,,,,20.0,
,,,,,,288.0,,12.0,,,,,,,,,,29.0,
,,,,,,,,6.0,,,,,,,,,,,
,,,,,,,,,1.0,8.0,,,,,,,,7.0,
,,,,,,,,,,,,,,,,,,-2.0,
,,,,,,3.0,6.0,12.0,,,,,,,,,,327.0,
,,,6.0,,,,,,,,,,,,,,,325.0,
,,,,,,,,,,,,,,,,,,87.0,
,,,,,,,,,,,,,,,,,,20.0,
,,,,,,,,,,,,,,,,,,8.0,
,,,,,,,,,,,,,,,,,,3.0,
,,,1.0,,,,,,,,,,,,,,,1.0,
,,,,2.0,,,,,,4.0,,,,,,,,4.0,
,,,,,,,,,,,,,,,,,,24.0,
,,,,,,,,,,,,,,,,,,1.0,
,,,,1.0,,,,,2.0,,,,,,,,,40.0,
,,,,,,,,,,,,,,,,,,3.0,
,,,,2.0,,6.0,,,,,,,,8.0,,,,95.0,
,,,,,,,,,,,,,,,,,,1.0,
,,,,,,-1.0,,,,,,,,,,,,34.0,
,,,,,,,,,,,,,,,,,,36.0,
,,,,,,,,,,,,,,,,,,26.0,
,,,,,,,,,,,,,,,,,,69.0,
,,,,,,16.0,,,,,,,,,,,,72.0,
,,,,1.0,,10.0,,,,,,,,,,,,134.0,
,,,,,,,,,,,,,,,,,,36.0,
,,,,,,2.0,,,,,,,,8.0,,,,20.0,
,,,,,,,,,,,,,,,,,,52.0,
,,,,,,144.0,,,,,,,,48.0,,,,652.0,
,,,,,,,,,,,,,,,,,,3.0,
,,,,,,96.0,,,-24.0,,,,,,,,,37.0,
,,,,,,72.0,,,-24.0,,,,,,,,,37.0,
,,,,,,336.0,,,,,,,,,,,,543.0,
,,12.0,,,,300.0,12.0,24.0,-12.0,,,,,,,,,378.0,
,,,,,,,,,,,,,,,,,,5.0,
,,,,,,,,,,,,,,,,,,3.0,
,,,,,,,,,,,,,,,,,,3.0,
,,,,,,,,,,,,,,,,,,6.0,
,,,,,,,,,,,,,,,,,,34.0,
,,,,,,,,,,,,,,,,,,12.0,
,,,,,,,,,,,,,,,,,,12.0,
,,,,,,,,,,,,,,,,,,2.0,
,,,,,,,,,,,,,,,,,,185.0,
,,,,,,,,,,,,,,,,,,62.0,
,,,,,,,,,,,,,,,,,,58.0,
,,,,,,,,,,,,,,,,,,6.0,
,,,,,,,,,,,,,,,,,,126.0,
,,,,,,,,,,,,,,,,,,80.0,
,,,,,,,,,,,,,,,,,,32.0,
,,,,,,,,,,,,,,,,,,21.0,
,,,,,,,,,,,,,,,,,,17.0,
,,,,,,,,,,,,,,,,,,71.0,
,,,,,,,,,,,,,,,,,,1.0,
,,,,,,,,,,,,,,,,,,17.0,
,,,,,,,,,,,,,,,,,,26.0,
,,,,,,,,,,,,,,,,,,43.0,
,,,,,,,,,,,,,,,,,,35.0,
,,,,,,,,,,,,,,,,,,30.0,
,,,,,,,,,,,,,,,,,,11.0,
,,,,,,,,,,,,,,,,,,14.0,
,,,,,,,,,,,,,,,,,,43.0,
,,,,,,,,,,,,,,,,,,11.0,
,,,,,,,,,,,,,,,,,,41.0,
,,,,,,12.0,,,,,,,,,,,,236.0,
,,,,,,,,,,,,,,,,,,10.0,
,,,,,,,,,,,,,,,,,,214.0,
,,,,,,,,,,,,,,,,,,186.0,
,,,,,,,,,,,,,,,,,,144.0,
,,12.0,,,,,,,,,,,,,,,,532.0,
,,,,,12.0,60.0,,,,,,,,,,,,146.0,
,,,,4.0,,,,,,,,,,,,,,39.0,
,,,,6.0,,,,,,,,,,,,,,40.0,
,,,,,,,,,,,,,,,,,,17.0,
,,,,,,,,,,,,,,,,,,16.0,
,,,,,12.0,12.0,,,,,,,,,,,,340.0,
,,4.0,,,,170.0,,5.0,-1.0,,,,48.0,4.0,,,3.0,273.0,
,,,,,,,,6.0,6.0,,,,,6.0,,,,307.0,
,,,,,,,,,,,,,,,,,,5.0,
,,,,,,24.0,,,,,,,,,,,,241.0,
,,,,,,3.0,,,,,,,,,,,,16.0,
,,,,,,24.0,,,,,,,,,,,,53.0,
,,,,,,3.0,,,,,,,,,,,,110.0,
,,,,,,6.0,,,,,,,,,,,,126.0,
,,,,,,,,,,,,,,,,,,5.0,
,,,,,,,,,,,,,,,,,,2.0,
,,,,,,,,,,,,,,,,,,1.0,
,,,,,,,,,,,,,,,,,,31.0,
,,,,,,,,,,,,,,,,,,36.0,
,,,,,,,,,,,,,,,,,,42.0,
,,,,,,,,,,,,,,,,,,33.0,
,,,,,,24.0,,,,,,,,,,,,265.0,
,,,,,,,,,,,,,,,,,,139.0,
,,,,,,120.0,,,,,,,,,,,,188.0,
,,,,,,84.0,,,,,,,,,,,6.0,500.0,
,,,,,,12.0,,,,,,,,,,,,48.0,
,,,,,,,,,,,,,,,,,,7.0,
,,,,,,167.0,,,,,,,,,,,,146.0,
,,,,,,,,,,,,,,,,,,158.0,
,,,,,,,,,,,,,,,,,,154.0,
,,,,,,372.0,,,,,,,,12.0,,,,403.0,
,,,,,,,,,,,,,,,,,,85.0,
,,,,,,12.0,,,12.0,,,,,,,,,33.0,
,,,,,,,,,,,,,,,,,,16.0,
,,,,,,,,,,,,,,,,,,5.0,
,,,,,,,,,,,,,,,,,,95.0,
,,,,,,12.0,,,,,,,,,,,,68.0,
,,,,,,16.0,,4.0,,,,,,,,,,73.0,
,,,,,,144.0,,,,,,,,,,,,195.0,
,,,,,,6.0,,,,,,,,,,,,70.0,
,,,,,,,,24.0,,,,,,12.0,,,,69.0,
,,,,,,12.0,,,,,,,,12.0,,,,61.0,
,,,,,,12.0,,,,,,,,,,,,113.0,
,,,,,,12.0,,,12.0,,,,,,,,,97.0,
,,,,,,12.0,,,,,,,,,,,,272.0,
,,,,,,,,,6.0,,,,,,,,,304.0,
,,,,,,,,,,,,,,,,,,13.0,
,,,,,,,,,,,,,,,,,,7.0,
,,,,,,,,,,,,,,,,,,152.0,
,,,,,,,,,,,,,,,,,,241.0,
,,,,,,,,,,,,,,,,,,136.0,
,,,,,,,,,,,,,,,,,,77.0,
,,,,,,288.0,,,,,,,,,,,,64.0,
,,,,,,,,,,,,,,,,,,35.0,
,,,,,,,,,,,,,,,,,,79.0,
,,,,6.0,,486.0,,,,,,,,,,,,549.0,
,,,,,,,,,,,,,,24.0,,,,305.0,
,,,,12.0,,,,,,,,,,,,,,381.0,
,,,,,,220.0,,4.0,,,,,,,,,,67.0,
,,,,,,192.0,,4.0,,,,,,,,,,17.0,
,,,,,,,,,,,,,,,,,,-69.0,
,,,,,,,,,,,,,,,,,,1.0,
,,,,,,,,,,,,,,,,,,496.0,
,,,,,,,,,,,,,,,,,,93.0,
,,,,,,72.0,,,48.0,,,,,,,,,169.0,
,,,,,,,,,,,,,,,,,,1.0,
,,,,,,,,,,,,,,,,,,7.0,
,,,,,,,,,,,,,,,,,,7.0,
,,,,10.0,,300.0,,,,,,,,20.0,,,,939.0,
,,,,10.0,,310.0,,,,,,,,20.0,,,,729.0,
,,,,,,,,10.0,,,,,10.0,,,,,406.0,
,,,,,,10.0,,,10.0,,,,,,,,,1072.0,
,,,,,,300.0,,,,,,,5.0,,,,,5.0,
,,,,,,300.0,,,,,,,50.0,,,,,6.0,
,,,,,,,,10.0,,,,,,,,,,542.0,
,,,,,,,,,20.0,,,,,20.0,,,,798.0,
,,,,,,300.0,,10.0,20.0,,,,100.0,,,,,24.0,
,,,,,,300.0,,5.0,15.0,5.0,,,50.0,,,,,16.0,
,,,,,,,,,,,,,,,,,,834.0,
,,,,,,,,,,,,,,,,,,56.0,
,,,,,,,,,,,,,96.0,,,,,740.0,
,,,,,,,,,,,,,192.0,,,,,849.0,
,,,,,,,,,,,,,96.0,,,,,23.0,
,,,,,,36.0,,,,,,,,,,,,83.0,
,,,,,,24.0,,,,,,,,,,,,15.0,
,,,,,,,,48.0,,,,,,,,,,33.0,
,,,,,,,,,,,,,,,,,,10.0,
,,,,,,,,,,,,,,,,,,643.0,
,,,,,,,,,,,,,,,,,,-511.0,
,,,,,,,,,12.0,,,,,,,,,11.0,
,,,,,,,,,12.0,,,,12.0,24.0,,,,12.0,
,,,,,,288.0,,12.0,,,,,,24.0,,,,107.0,
,,,,,,240.0,,24.0,24.0,,,,,48.0,,,,758.0,
,,,,,,,,48.0,72.0,,,,480.0,48.0,,,,277.0,
,,,,,,552.0,,84.0,,,,,240.0,,240.0,,,995.0,
,,,,,,432.0,,96.0,96.0,,,,,,,,,848.0,
,,,,,,,,,,,,,,,,,,-90.0,
,,,,,,,,,,,,,,,,,,2.0,
,,,,,,432.0,,48.0,,,,,,,,,,174.0,
,,,,,,432.0,,48.0,,,,,,,,,,292.0,
,,,,,,432.0,,96.0,,,,,432.0,,,,,2197.0,
,,,,,,432.0,,96.0,,,,,,,,,,735.0,
,,,,,,,,,,,,,12.0,,,,,65.0,
,,,,,,,,24.0,,,,,12.0,,,,,54.0,
,,,,,,12.0,,,,,,,24.0,,,,,86.0,
,,,,,,,,,,,,,,,,,,149.0,
,,,,,,12.0,,,,,,,,,,,,102.0,
,,,,,,36.0,,,,,,,,,,,,243.0,
,,,,,,12.0,,,,,,,,,,,,181.0,
,,,,,,,,,,,,,,,,,,10.0,
,,,,,,,,,6.0,6.0,,,,,,,,47.0,
,,,,,,,,,,,,,,,,,,331.0,
,,,,,,,,12.0,,12.0,,,,,,,,210.0,
,,,,,,,,12.0,12.0,,,,48.0,,,,,103.0,
,,,,,,,,,,,,,,,,,,263.0,
,,,,,,,,72.0,36.0,,,,288.0,36.0,,,,301.0,
,,,,,,,,,,12.0,,,12.0,12.0,,,,214.0,
,,,,,,,,72.0,12.0,,,,144.0,,,,,263.0,
,,,,,,,,,,12.0,,,,12.0,,,,539.0,
,,,,,,,,,,,,,,24.0,,,,61.0,
,,,,,,,,,,12.0,,,,24.0,,,,13.0,
,,,,,,,,,,12.0,,,,24.0,,,,123.0,
,,,,,,,,,,,,,,,,,,62.0,
,,,,,,,,12.0,,,,,,,,,,180.0,
,,,,,,,,12.0,,,,,,,,,,233.0,
,,,,,,,,24.0,,,,,,12.0,,,,225.0,
,,,,,,,,,,,,,,,,,,25.0,
,,,,,,,,,,,,,,,,,,25.0,
,,,,,,,,,,,,,,,,,,200.0,
,,,,,,,,6.0,,,,,,,,,,133.0,
,,,,,,,,,,,,,,,,,,62.0,
,,,,,,,,,,,,,,,,,,24.0,
,,,,,,,,,,,,,,,,,,1.0,
,,,,,,,,125.0,,,,,,25.0,,,,425.0,
,,,,,,,,100.0,,,,,,50.0,,,,225.0,
,,,,-200.0,,,,,,,,,,,,,,275.0,
,,,,,,,,,,,,,,,,,,175.0,
,,,,,,,,,,,,,,,,,,75.0,
,,,,,,,,,,,,,,,,,,200.0,
,,,,200.0,,,,,,,,,,,,,,100.0,
,,,,,,,,,,,,,,,,,,150.0,
,,,,,,,,,,,,,,,,,,42.0,
,,,,,,8.0,,,,,,,,,,,,176.0,
,,,,,,8.0,,,,,,,,,,,,187.0,
,,,,,,,,,,,,,,,,,,50.0,
,,,,,,,,,,,,,,,,,,276.0,
,,,,,,12.0,,,,,,,,,,,,160.0,
,,,,,,,,,,,,,,,,,,606.0,
,,,,,,6.0,,,,,,,,,,,,62.0,
,,1.0,,,,8.0,,,,,,,,8.0,,,,157.0,
,,,,,,,,,,,,,,,,,,20.0,
,,,,,,6.0,,,,,,,,,,,,201.0,
,,,,,48.0,336.0,,12.0,12.0,,,,,24.0,,,,643.0,
,,,,,,,,,,,,,,,,,,75.0,
,,,,,,,,,,,,,,,,,,178.0,
,,,,,,216.0,,,,,,,,,,,,79.0,
,,,,,,,,,,,,,,,,,,18.0,
,,,,,,,,,,,,,,,,,,26.0,
,,,,,,,,,,,,,,,,,,56.0,
,,,,,,,,12.0,,,,,,,,,,49.0,
,,,,,,192.0,,8.0,,,,,,,,,,106.0,
,,4.0,,,,,4.0,4.0,12.0,,,,48.0,,,,,114.0,
,,,,,,,,,,,,,,,,,,32.0,
,,,,,,24.0,,,,,,,,,,,,26.0,
,,,,,,12.0,,,,,,,,,,,,87.0,
,,,,,,,,,,,,,,,,,,20.0,
,,,,,,,,,30.0,,,,,,,,,106.0,
,,,,,,140.0,,,10.0,,,,,,,,,203.0,
,,,,,,140.0,,,,,,,,,,,,102.0,
,,,,,,,,,,,,,,,,,,67.0,
,,,,,,30.0,,,30.0,,,,,,,,,169.0,
,,,,,,320.0,,,6.0,,,,80.0,,,,6.0,494.0,
,,,,,,,,,,,,,,,,,6.0,302.0,
,,,,,,,,,,,,,,,,,6.0,20.0,
,,,,,,,,,,,,,,,,,6.0,412.0,
,,,,,,,,,,,,,40.0,,,,6.0,229.0,
,,,,,,,,,,,,,,,,,,176.0,
,,,,,,200.0,,,,,,,,,,,,164.0,
,,,,,,200.0,,,12.0,,,,200.0,,,,,363.0,
,,,,,,,,,,,,,,24.0,,,,205.0,
,,,,,,12.0,,,,,,,,24.0,,,,5.0,
,,,,,,,,,,,,,,,,,,13.0,
,,,,,,,,,,,,,,,,,,46.0,
,,,,,,,,,,,,,,,,,,282.0,
,,,,12.0,,,,,,,,,,,,,,3.0,
,,,,12.0,,,,,,,,,,24.0,,,,20.0,
,,12.0,,,,,,,,,,,,24.0,,,,42.0,
,,,,,,,,,,,,,,,,,,30.0,
,,,,,,,,,,,,,,,,,,11.0,
,,,,,,,,,,,,,,,,,,14.0,
,,,,,,,,,,,,,,,,,,24.0,
,,,,,,,,,,,,,,,,,,26.0,
,,,,,,,,,,,,,,,,,,15.0,
,,,,,,24.0,,,,,,,,,,,,29.0,
,,,,,,24.0,,,,,,,,,,,,7.0,
,,,,,,16.0,,,,,,,,,,,,93.0,
,,,,,,4.0,,,,,,,,,,,,8.0,
,,,,,,8.0,,,,,,,,,,,,131.0,
,,,,,,48.0,,,,,,,,,,,2.0,396.0,
,,,,3.0,,33.0,,,,,,,,6.0,,,3.0,741.0,
,,,,,,9.0,,,,,,,,,,,,504.0,
,,,,,,,,,,,,,,,,,,-33.0,
,,,,,,28.0,,,4.0,,,,,,,,6.0,980.0,
,,,,,,,,,,,,,,,,,,115.0,
,,,,,,,,,,,,,,,,,,44.0,
,,,,,,,,6.0,,,,,,,,,,22.0,
,,,,,,,,,,,,,,,,,,15.0,
,,,,,,,,,,,,,,,,,,29.0,
,,,,,,3.0,6.0,,,,,,,,,,,69.0,
,,,,,,,,,,,,,,,,,,17.0,
,,,,,,12.0,,,,12.0,,,,,,,10.0,211.0,
,,,,,,,,,,,,,,,,,,5.0,
,,,,,,,,,,,,,,,,,,12.0,
,,,,,,,,,,,,,,,,,11.0,239.0,
,,,,,,300.0,,,,,,,,,,,18.0,108.0,
,,,,,,300.0,,,,,,,,,,,18.0,56.0,
,,,,,,288.0,,,,,,,,,,,,90.0,
,,,,,,,,,,,,,,,,,,109.0,
,,,,,,,,,6.0,,,,144.0,,,,,330.0,
,,12.0,,,,24.0,,36.0,,,,,,,,,,376.0,
,,12.0,,,,,,60.0,,,,,,,,,,137.0,
,,,,,,12.0,,,,,,,,,,,,118.0,
,,,,,,,,,12.0,,,,,,,,,90.0,
,,,,,,,,,,,,,96.0,,,,,194.0,
,,,,,,,,,,,,,,,,,,15.0,
,3.0,,,,,21.0,6.0,6.0,2.0,,3.0,,,,,,12.0,269.0,
,,,,,,25.0,6.0,6.0,6.0,,6.0,,,,,,4.0,217.0,
,,,,,,,,,,,,,,,,,,13.0,
,,,,,,,,,,,,,,,,,,2.0,
,,,,,,,,,,,,,,,,,,24.0,
,,,,,,,,,,,,,,,,,,35.0,
,,,,,,,,,,,,,,,,,,18.0,
,,,,,,,,,,,,,200.0,,,,5.0,171.0,
,,,,,,,,,,,,,212.0,,,,5.0,356.0,
,,,,,,,,,,,,,200.0,,,,5.0,192.0,
,,,,,,,,,,,,,12.0,,,,7.0,263.0,
,,,,,,,,,6.0,,,,12.0,,,,,121.0,
,,,,,,120.0,,,,,,,,,,,,518.0,
,,,,,,,,,,,,,,,,,,35.0,
,,,,,,,,,,,,,,,,,,90.0,
,,,,,,,,,,,,,,,,,,23.0,
,,,,,,,,,,,,,,,,,,60.0,
,,,,,,,,,,,,,,,,,,310.0,
,,,,,,,,,,,,,,,,,,49.0,
,,,,,,,,,,,,,,,,,,7.0,
,,,,,,,,,,,,,,,,,,14.0,
,,,,,,,,,,,,,,,,,,43.0,
,,,,,,,,,,,,,,,,,,7.0,
,,,,,,,,,,,,,,,,,,1.0,
,,,,,,,,,,,,,,,,,,35.0,
,,,,,,,,,,,,,,,,,,11.0,
,,,,,,,,,,,,,,,,,,24.0,
,,,,,,,,,,,,,,,,,,9.0,
,,,,,,,,,,,,,,,,,,2.0,
,,,,,,,,,,,,,,,,,,-31.0,
,,,,2.0,,,,,,,,,,,,,,17.0,
,,,,2.0,,4.0,,,,8.0,,,,,,,,18.0,
,,,,,,8.0,,,,8.0,,,,,,,,495.0,
,,,,,,,,,,,,,,,,,,1.0,
,,,,,,96.0,,,,,,,,,,,,71.0,
,,,,,,96.0,,,,,,,,12.0,,,,62.0,
,,,,,,2.0,,,,,,,,8.0,,,,35.0,
,,,,,,12.0,,,,12.0,,,,,,,,495.0,
,,,,,,,,,,,,,,,,,,52.0,
,,,4.0,,,6.0,8.0,,-1.0,,,,,,,,,51.0,
,,,,,,,,21.0,12.0,,,,,,,,,53.0,
,,,,,,,,,,,,,,,,,,6.0,
,,,,,,,,,,,,,,,,,,31.0,
,,,,,,4.0,,,,,,,,,,,,12.0,
,,,,,,,,,,,,,,,,,,119.0,
,,,,,,,,,,,,,,,,,,22.0,
,,,,,,,,,,,,,,,,,,-29.0,
,,,,,,,,,,,,,,,,,,32.0,
,,,,,,,,,4.0,,,,,,,,,670.0,
,,,,,,,,,,,,,,,,,,62.0,
,,,,,,60.0,,,,,,,,,,,,31.0,
,,,,,,,,,,,,,,,,,,31.0,
,,,,,,60.0,,,2.0,,,,,2.0,,,,38.0,
,,,,,,,,,,,,,,2.0,,,,12.0,
,,,,,,12.0,12.0,,,,,,,,,,,361.0,
,,,,,,12.0,12.0,,,,,,,,,,,344.0,
,,,,,,60.0,,-2.0,,,,,,,,,,1032.0,
,,,,,,48.0,,10.0,-1.0,,,,,,,,,137.0,
,,4.0,,,,8.0,,,8.0,,,,48.0,12.0,,,,73.0,
,,,,,,,,,4.0,,,,,,,,,103.0,
,,,,,,,,,,,,,,,,,,10.0,
,,,,,,,,8.0,24.0,,,,,,,,,62.0,
,,4.0,,,,4.0,,,20.0,,,,,,,,,76.0,
,,,,,,,,8.0,,,,,,,,,,17.0,
,,,,,,,,,,,,,,,,,,93.0,
,,,,,,,,,,,,,,,,,,44.0,
,,,,,,,,,,,,,,,,,,31.0,
,,,,,,,,,,,,,,,,,2.0,62.0,
,,,,,,12.0,,,,,,,,,,,,21.0,
,,,,,,6.0,,,,24.0,,,,,,,,149.0,
,,,,,,,,,,,,,,,,,,1.0,
,,,,,,,,,,,,,,96.0,,,,7.0,
,,,,,,6.0,,,0.0,12.0,,,,8.0,,,,32.0,
,,,,,,,,,,,,,,,,,,15.0,
,,,,,,12.0,,,,96.0,,,,,,,,278.0,
,,3.0,,,,15.0,,,2.0,24.0,,,,15.0,,,,83.0,
,,,,,,,,,,,,,,,,,,440.0,
,,,,,,,,,,,,,,,,,,28.0,
,,,,,,,,,,12.0,,,,,,,1.0,20.0,
,,,,,,,,,,,,,,3.0,,,,22.0,
,,,,,,,,,,,,,,,,,2.0,15.0,
,,,,,,18.0,,,,12.0,,,,,,,,157.0,
,,,,,,,,,,,,,,,,,,383.0,
,,,,,,,,,,,,,,,,,,39.0,
,,,,,,,,,,,,,,,,,,22.0,
,,,,,,,,,8.0,12.0,,,,,,,,28.0,
,,,,,,,,,12.0,12.0,,,48.0,,,,,85.0,
,,,,,,,,,23.0,,,,,,,,,32.0,
,,,,,,,,,-24.0,12.0,,,,,,,,57.0,
,,1.0,,,,13.0,,,4.0,12.0,,,24.0,,,,3.0,79.0,
,,,,,,,,,,,,,,,,,,455.0,
,,,,,,12.0,,12.0,72.0,12.0,,,,,,12.0,,117.0,
,,24.0,,,,48.0,,12.0,70.0,,,,576.0,12.0,,12.0,,117.0,
,,,,,,24.0,,,60.0,12.0,,,192.0,,,,,251.0,
,,,,,,12.0,,,34.0,12.0,,,,,,,,250.0,
,,,,,,,,,,,,,,,,,,31.0,
,,,,,,,,,,,,,,,,,,27.0,
,,,,,,,,,,,,,,,,,,40.0,
,,,,,,,,,,,,,,,,,,74.0,
,,,,,,,,,,,,,,,,,,43.0,
,,,,,,,,,9.0,24.0,,,,,,,,38.0,
,,,,,,,,,6.0,,,,,,,,,24.0,
,,,,,,,,12.0,12.0,,,,192.0,,,,,80.0,
,,12.0,,,,48.0,,,-7.0,,,,,,,,,65.0,
,,12.0,,,,,,,7.0,,,,,,,,,30.0,
,,,,,,,,,,,,,,,,,,64.0,
,,,,,,,,,,,,,,,,,,12.0,
,,,,,,,,,,,,,,,,,,64.0,
,,,,,,,,,,,,,,,,,,4.0,
,,12.0,,,,,,,,,,,,,,,6.0,102.0,
,,,,,,12.0,,,,,,,,,,,6.0,94.0,
,,,,,,,,12.0,,,,,,,,,,131.0,
,,12.0,,,,,,,,,,,,,,,,40.0,
,,,,,,,,,,,,,,,,,,47.0,
,,,,,,,,,,,,,,,,,,154.0,
,,,,,,,,,,,,,,,,,,107.0,
,,,,,,,,,,,,,,,,,,343.0,
,,,,,,,,,,,,,,,,,,104.0,
,,,,,,8.0,,,,,,,,,,,,63.0,
,,,,,,,,,,,,,,,,,,109.0,
,,,,,,,,,,,,,,,,,,59.0,
,,,,,,,,,,,,,,,,,,15.0,
,,,,,,,,,,,,,,,,,,89.0,
,,,,,,,,,,,,,,,,,,39.0,
,,,,,,2.0,,,,,,,36.0,8.0,,,,127.0,
,,,,,,6.0,,,12.0,,,,112.0,12.0,,,,94.0,
,,,,,,100.0,,,12.0,,,,112.0,,,,10.0,47.0,
,,,,,,89.0,,,,,3.0,,6.0,12.0,,,4.0,32.0,
,,,,,,,,,,,,,,12.0,,,6.0,22.0,
,,,,,,,,,,,,,,,,,6.0,10.0,
,,,,,,,,2.0,,2.0,,,,,,,,191.0,
,,2.0,4.0,,,8.0,,,,,,,8.0,,,,,169.0,
,,,4.0,,,8.0,,,2.0,,,,16.0,,,,,200.0,
,,,,,,,,,,,,,,,,,,405.0,
,,,,,,,,,,,,,576.0,,,,,409.0,
,,,,,,12.0,,,,,,,,,,,,368.0,
,,,,,,,,,,,,,,,,,,307.0,
,,,,,,,,,,,,,,,,,,376.0,
,,,,,,,,,,,,,,,,,,334.0,
,,,,,,,,,,,,,,,,,,362.0,
,,,,,,,,,,,,,,,,,,903.0,
,,,,,,,,,,,,,288.0,,,,,427.0,
,,,,,,,,,,,,,,,,,,440.0,
,,,,,,,,,,,,,288.0,,,,,762.0,
,,,,,,,,,,,,,,,,,,67.0,
,,,,,,24.0,,,,,,,,,,,,192.0,
,,,,,,24.0,,,,,,,24.0,,,,,848.0,
,,,,,,,,,-4.0,,,,,,,,,89.0,
,,,,,,,,,,36.0,,,,,,,6.0,178.0,
,,,,,,6.0,,,12.0,36.0,,,,,,,6.0,271.0,
,,,,,,,,4.0,6.0,,,,,,,,,209.0,
,,,,,,,,3.0,12.0,,,,,,,,,136.0,
,,6.0,,,,150.0,,,,,,,,,,,,20.0,
,,,,,,156.0,,,,,,,,,,,,44.0,
,,,,,,,,,,,,,,,,,,3.0,
,,,,,,,,,,,,,,,,,,1.0,
,,,,,,,,,,,,,,,,,6.0,27.0,
,,,,,,6.0,,,,,,,,12.0,,,6.0,54.0,
,,,,,,108.0,,,,,,,,,,,,43.0,
,,,,,,,,,,,6.0,,,,,,,42.0,
,,,,,,4.0,,6.0,,,6.0,,,12.0,,,,21.0,
,,,,,,4.0,,4.0,,,,,,,,,,20.0,
,,,,,8.0,,,8.0,16.0,,6.0,,,,,,,22.0,
,,,,,,24.0,,,,,,,,,,,,48.0,
,,,,,,,,,,,,,,,,,,3.0,
,,,,,,,,6.0,,,,,,,,,,30.0,
,,,,,,6.0,,,6.0,,,,,,,,,74.0,
,,,,,,12.0,,12.0,,,,,,,,,,135.0,
,,,,,,12.0,,6.0,3.0,24.0,,,,,,,,62.0,
,,,,,,,,12.0,12.0,,,,,,,,,139.0,
,,,,,,,,,,,,,,,,,,114.0,
,,,,,,96.0,,,,,,,,,,,,5.0,
,,,,,,96.0,,,,,,,,,,,,30.0,
,,,,,,,,,,,,,,,,,,168.0,
,,,,,,,,42.0,81.0,,,,144.0,,,,5.0,162.0,
,,,,,,,,,,,,,,,,,,57.0,
,,,,,,,,30.0,84.0,,,1.0,144.0,,,,,121.0,
,,,,,,,,,72.0,,,,144.0,,,,,174.0,
,,,,,,,,12.0,,,,,,12.0,,,5.0,233.0,
,,8.0,,,,,,,40.0,,,,,32.0,,,,23.0,
,,,,,,,,,,,,,,,,,,64.0,
,,,,,,,,,15.0,,,,,,,,,130.0,
,,,,,,,,,8.0,,,,,32.0,,,,19.0,
,,,,,,,,,,,,,288.0,,,,,141.0,
,,,,,,,,,,,,,,,,,,77.0,
,,,,,,,,,,,,,,,,,,13.0,
,,,,,,,,,,,,,,,,,,14.0,
,,,,,,,,,,,,,,,,,,8.0,
,,,,,,,,,,,,,,,,,,4.0,
,,,,,,,,,,,,,,,,,,164.0,
,,,,,,,,,,,,,,,,,,25.0,
,,,,,,,,,12.0,,,,,,,,,36.0,
,,,,,,,,,,,,,,,,,,4.0,
,,,,,,,,,,,,,,,,,,4.0,
,,,,,,,,,,,,,,,,,,3.0,
,,,,,,12.0,,,,,,,,24.0,,,,140.0,
,,,,,,36.0,,,24.0,,,,,,289.0,,10.0,555.0,
,,,,,12.0,12.0,,,10.0,,,,,16.0,,,,83.0,
,,,,,12.0,12.0,,,6.0,,,,,12.0,,,,73.0,
,6.0,12.0,,,,,,42.0,12.0,,,,,,,,,272.0,
,,,,,,6.0,,18.0,22.0,,,,180.0,,,,,199.0,
,,,,,,10.0,,10.0,10.0,30.0,,,,,,,,32.0,
20.0,,10.0,,,,,,,30.0,,,,,20.0,,,,471.0,
,,,,,,20.0,10.0,10.0,20.0,,,,200.0,20.0,,,10.0,468.0,
,,,,,,,,,,,,,,,49.0,,,96.0,
,,,,,,,,,6.0,,,,,,73.0,,,194.0,
,,,,,,2.0,,,,,,,,,,,,51.0,
,,,,,,,,,,,,,20.0,,,,,65.0,
,,,,,,,,,8.0,,,,,,,,6.0,136.0,
,,,,,,,,,,,,,,,,,,5.0,
,,,,,,,,,,,,,,,,,,25.0,
,,,,,,,,,,,,,,,,,,67.0,
,,,,,,,,,,,,,,,,,,22.0,
,,,,,,,,,,,,,,,,,,46.0,
,,,,,,,,,,,,,,,,,,34.0,
,,,,,,,,,,,,,,,,,,2.0,
,,,,,,,,,,,,,,,,,,15.0,
,,,,,,2.0,,,,,,,,,,,,21.0,
,,,,,,,,,,,,,,,,,,31.0,
,,,,,,,,,,,,,,,,,,72.0,
,,,,,,,,,,,,,,,,,,291.0,
,,,,,,,,,,,,,,,,,,2.0,
,,3.0,,,,,,,3.0,,,,,,,,,22.0,
,,,,,,,,,,,,,,,,,,13.0,
,,,,,,,,,,,,,,,,,,4.0,
,,,,,,,,4.0,,,,,,,,,,9.0,
,,,,,,,,,,,,,,,,,,2.0,
,,,,,,,,,,,,,,,,,,8.0,
,,,,,,,,,,,,,,,,,,2.0,
,,,,,,,,,,,,,,,,,,8.0,
,,,,,,,,,,,,,,,,,,2.0,
,,,,,,,,,,,,,,,,,,4.0,
,,,,,,,,,,,,,,,,,,3.0,
,,,,,,,,,,,,,,,,,,4.0,
,,,,,,,,,,,,,,,,,,3.0,
,,,,,,,,,,,,,,,,,,25.0,
,,,,,,,,,,,,,,,,,,2.0,
,,,,,,,,,,,,,,,,,,12.0,
,,,,,,,,,1.0,20.0,,,,,,,,1.0,
,,,,,,,,,,,,,,,,,,59.0,
,,,,,,,,,,,,,,,,,,102.0,
,,,,,,,,,,,,,,,,,,1.0,
,,,,,,,,,,,,,,,,,,5.0,
,,,,,,,,,,,,,,,,,,8.0,
,,,,,,,,,,,,,,,,,,28.0,
,,,,,,,,,,,,,,,,,,2.0,
,,,,,,,,,,,,,,,,,,50.0,
,,,,,,,,,,,,,,,,,,2.0,
,,,,,,,,,,,,,,,,,,11.0,
,,,,,,,,,,,,,,,,,,103.0,
,,,,,,,,,,,,,,,,,,31.0,
,,12.0,,,,,,,,,,,348.0,,,,,115.0,
,,,,,,,,,,,,,,,,,,35.0,
,,,,,,,,,,,,,,,,,,14.0,
,,,,,,,,,,,,,,,,,,6.0,
,,,,,,,,,,,,,,,,,,42.0,
,,,,,,,,,,,,,,,,,,32.0,
,,,,,,,,,,,,,,,,,,26.0,
,,,,,,24.0,,,,,,,,,,,,131.0,
,,,,,,,,,,,,,,,,,,7.0,
,,,,,,,,,-1.0,,,,,,,,,,
,,,,,,,,,,,,,,,,,,164.0,
,,,,,,,,,,,,,,,,,,66.0,
,,,,,,,,,,,,,,,,,,18.0,
,,,,,,,,,,,,,,,,,,1.0,
,,,,,,,,,,,,,,,,,,6.0,
,,,,,,,,,,,,,,,,,,2.0,
,,,,,,,,,,,,,,,,,,56.0,
,,,,,,,,,,,,,,,,,,4.0,
,,,,,,,,,,,,,,,,,,1.0,
,,,,,,,,,,,,,,,,,,28.0,
,,,,,,,,,,,,,,,,,,6.0,
,,,,,,,,,,,,,,,,,,1.0,
,,,,,,,,,,,,,,,,,,2.0,
,,,,,,,,,,,,,,,,,,54.0,
,,,,,,,,,,,,,,,,,,25.0,
,,,,,,624.0,,,,,,,,,,,,19.0,
,,,,,,,,,,,,,,,,,,1.0,
,,,,,,,,,,,,,,,,,,97.0,
,,,,,,280.0,,,,,,,,,,,,-60.0,
,,,,,,,,,,,,,,,,,,6.0,
,,,,,,,,,,,,,,,,,,-121.0,
,,,,,,,,,,,,,,,,,,5.0,
,,,,,,,,,,,,,,,,,,8.0,
,,,,,,,,,,,,,,,,,,-179.0,
,,,,,,,,,,12.0,,,,,,,,384.0,
,,,,,,,,,,,,,,,,,,17.0,
,,,,,,,,,,,,,,,,,,1.0,
,,,,,6012.0,,,,,,,,,,,,,39.0,
,,,,,,,,,,,,,,,,,,38.0,
,,,,,,,,,,,,,,,,,,30.0,
,,,,,,,,,,,,,,,,,,51.0,
,,,,,,,,,,,,,,,,,,28.0,
,,,,,,,,,,,,,,,,,,184.0,
,,,,,,12.0,,,,,,,,,,,,94.0,
,,,,,,,,,,,,,,,,,,316.0,
,,,,,,6.0,,,,8.0,,,,8.0,,,,122.0,
,,,,,,,,,,,,,,24.0,,,,103.0,
,,,,,,,,,,,,,,,,,,1.0,
,,,,,,,,,,,,,,,,,,125.0,
,,,,,,,,,,,,,,,,,,29.0,
,,,,,,,,,,,,,,,,,,2.0,
,,,,,,,,,,,,,,,,,,2.0,
,,,,,,,,,,,,,,,,,,2.0,
,,1.0,,,,,,,,,,,,,,,,2.0,
,,,,,,,,,,,,,,,,,,1.0,
,,,,,,,,,,,,,,,,,,7.0,
,,,,,,,,,,,,,,,,,,1.0,
,,,,,,,,,,,,,,,,,3.0,79.0,
,,,,,,4.0,,4.0,,,,,,,,,,104.0,
,,,2.0,,,2.0,,,,,,,,,,,3.0,24.0,
,,,,,,6.0,,,,,,,,,,,3.0,28.0,
,,,,,,24.0,,,,,,,,,,,,101.0,
,,,12.0,,,42.0,,,,12.0,,,,,,,4.0,343.0,
,,,,,,,,,,,,,,,,,,2.0,
,,,,,,,,,,,,,,,,,,16.0,
,,,,,,,,,,,,,,,,,,3.0,
,,,,,,,,,,,,,,,,,,170.0,
,,,,,,,,,,,,,,,,,,78.0,
,,,,,,,,,,,,,,,,,,111.0,
,,,,,,,,72.0,,,,,,,,,,1073.0,
,,,,,,,,,,,,,,,,,,34.0,
,,,,,,,,,,,,,,,,,,51.0,
,,,,,,,,,,,,,,,,,,27.0,
,,,,,,,,,,,,,,,,,,4.0,
,,,,,,,,,,,,,,,,,,3.0,
,,,,,,,,,,,,,,,,,,6.0,
,,,,,,,,,,,,,,,,,,6.0,
,,,,,,,,,,,,,,,,,,3.0,
,,,,,,,,,,,,,,,,,,312.0,
,,,,,,,,,24.0,,,,,,,,,29.0,
,,,,,,,,,,,,,,,,,,43.0,
,,,,,,,,,,,,,,,,,,1.0,
,,,,,,200.0,,,,,,,,,,,,118.0,
,,,,,,12.0,,6.0,,24.0,,,,,,,,27.0,2.0
,,,,,,,,,,,,,,,,,,7.0,
,,,,,,,,,,,,,,,,,,100.0,
,,,,,,,,,,,,,,,,,,-16.0,
,,,,,,,,,,,,,60.0,10.0,,,,223.0,
,,,,,,,,,,,,,,,,,,0.0,
,,,,6.0,,18.0,,,,,,,,12.0,,,,138.0,
,,,,,,,,,,,,,,,,,,-1.0,
,,,,,,2.0,,2.0,,,,,,12.0,,,,28.0,
,,,,,,,,,,,,,,,,,,36.0,
,,,,,,24.0,,,,,,,,,,,4.0,59.0,
,,,,,,,,,,,,,,,,,,6.0,
,,,,,,,,,,,,,,,,,,8.0,
,,,,,,,,,,,,,,,,,,10.0,
,,,,2.0,,,,,,,,,,,,,,1.0,
,,,,,,,,,,10.0,,,,,,,,320.0,
,,,,,,10.0,,,,,,,,,,,,217.0,
,,,,,,156.0,,,,,,,,,,,,195.0,
,,,,,,,,,,,,,,,,,,669.0,
,,,,,,,,,,,,,,,,,,1.0,
,,,,,,,,,,,,,,,,,,39.0,
,,,,,,,,,,,,,,,,,,25.0,
,,,,,,106.0,,,,10.0,,,,,,,,65.0,
,,,,,,2.0,,,,,,,,,,,,347.0,
,,,,2.0,,26.0,,,,,,,,,,,,327.0,
,,,,2.0,,14.0,,,,10.0,,,,,,,,199.0,
,,,,,,2.0,,,,,,,,,,,,91.0,
,,,,,,12.0,,,,10.0,,,,,,,,477.0,
,,,,2.0,,,,,,,,,,,,,,163.0,
,,,,,,6.0,,,,,,,,,,,,273.0,
,,,,,,,,,,,,,,,,,,280.0,
,,,,,,,,,,,,,,,,,,32.0,
,,,,,12.0,,,,,,,,,,,,,701.0,
,,,,,,,,,,,12.0,,,,,,,89.0,
,,,,,,,,,,,,,,,,,,29.0,
,,,,,,,,,,,,,,,,,,145.0,
,,,,,,,,,,,,,,,,,,42.0,
,,,,,,,,,,,,,,,,,,18.0,
,,,,,,,,,,,,,,,,,,17.0,
,,,,,,,,,,,,,,,,,,8.0,
,,,,12.0,,516.0,,,,,,,,,,,,1214.0,
,,,,,,,,,,,,,,,,,,129.0,
,,,,,,,,,,,,,,,,,,10.0,
,,,,,,12.0,,,,,,,,,,,,441.0,
,,,,,,,,,,,,,,,,,,68.0,
,,,,,,,,,,,,,,,,,,58.0,
,,,,,,,,,,,,,,,,,,2.0,
,,,,,,,,,,,,,,,,,,15.0,
,,,,,,,,,,,,,,,,,,1.0,
,,,,,,,,,,,,,,,,,,35.0,
,,,,,,,,,,,,,,,,,,36.0,
,,,,,,,,,,,,,,,,,,2.0,
,,,,,,,,,,,,,,,,,,112.0,
,,,,,,,,,,,,,,,,,,-66.0,
,,,,,,,,,,,,,,,,,,183.0,
,,,,,,,,,,,,,,,,,,2.0,
,,,,,,,,,,,,,,,,,,1037.0,
,,,,,,,,,,,,,,,,,,2.0,
,,,,,,,,,,,,,,,,,,15.0,
,,,,,,,,,,,,,,,,,,137.0,
,,,,,,,,,,,,,,,,,,57.0,
,,,,,,,,,,,,,,,,,,-30.0,
,,,,,,,,,,,,,,,,,,45.0,
,,,,,,,,,,,,,,,,,,36.0,
,,,,,,,,,,,,,,,,,,842.0,
,,,,,,,,,,,,,,,,,,44.0,
,,,,,,,,,,,,,,,,,,-6.0,
,,,,,,,,,,,,,,,,,,386.0,
,,,,,,,,,,,,,,,,,,14.0,
,,,,,,,,,,,,,,,,,,1.0,
,,,,,,,,,,,,,,,,,,2.0,
,,,,,,,,,,,,,,,,,,48.0,
,,,,,,,,,,,,,,,,,,53.0,
,,,,,,,,,,,,,,,,,,47.0,
,,,,,,,,,,,,,,,,,,1.0,
,,,,,,,,,,,,,,,,,,7.0,
,,,,,,,,,,,,,,,,,,23.0,
,,,,,,,,,,,,,,,,,,10.0,
,,,,,,,,,,,,,,,,,,8.0,
,,,,,,,,,,,,,,,,,,13.0,
,,,,,,,,,,,,,,,,,,13.0,
,,,,,,,,,,,,,,,,,,0.0,
,,,,,,,,,,,,,,,,,,1.0,
,,,,,,,,,,,,,,,,,,2.0,
,,,,,,,,,,,,,,,,,,146.0,
,,,,,,,,,,,,,,,,,,646.0,
,,,,,,,,,,,,,,,,,,124.0,
,,,,,,,,,,,,,,12.0,,,,53.0,
,,,,,8.0,4.0,,,2.0,,8.0,,,16.0,,,,65.0,
,,,,,,,,,,,,,,,,,,86.0,
,,,,,,,,,,,,,,,,,,2004.0,
,,,,,,,,,,,,,,,,,,57.0,
,,,,,,,,,,,,,,,,,,1.0,
,,,,,,,,,,,,,,,,,,1.0,
,,,,,,,,,,,,,,,,,,130.0,
,,,,,,,,,,,,,,,,,,-18.0,
,,,,,,,,,,,,,,,,,,148.0,
,,,,,,,,,,,,,,,,,,72.0,
,,,,,,,,,,,,,,,,,,96.0,
,,,,,,,,,,,,,,,,,,96.0,
,,,,,,,,,,,,,,,,,,192.0,
,,,,,,,,,,,,,,,,,,45.0,
,,,,,,,,,,,,,,,,,,5.0,
,,,,,,,,,,,,,,,,,,2.0,
,,,,,,,,,,,,,,,,,,15.0,
,,,,,,,,,,,,,,,,,,3.0,
,,,,,,,,,,,,,,,,,,190.0,
,,,,,,,,,,,,,,,,,,73.0,
,,,,,,,,,,,,,,,,,,49.0,
,,,,,,,,,,,,,,,,,,6.0,
,,,,6.0,,12.0,,,,,,,,,,,,990.0,
,,,,,,,,,,,,,,,,,,283.0,
,,,,,,,,,,,,,,,,,,-6.0,
,,,,,,20.0,,,,,,,,,,,,310.0,
,,,,,,12.0,,,,,,,,,,,,222.0,
,,,,,,300.0,,,,,,,,,,,,269.0,
,,,,,,,,,,,,,,,,,,-131.0,
,,,,,,,,,,,,,,,,,,70.0,
,,,,,,,,,,,,,,,,,,-54.0,
,,,,12.0,,,,,,,,,,24.0,,,,129.0,
,,,,12.0,,,,,,,,,,24.0,,,,864.0,
,,,,12.0,,12.0,,,,,,,,,,,,208.0,
,,,,,,,,,,,,,,12.0,,,,153.0,
,,,,,,6.0,,,,,,,,12.0,,,,521.0,
,,,,,,,,,,,,,,,,,,47.0,
,,,,,,,,,,,,,,,,,,17.0,
,,,,,,,,,,,,,,,,,,141.0,
,,,,,,,,,,,,,,,,,,175.0,
,,,,,,,,,,,,,,,,,,290.0,
,,,,,,,,,,,,,,,,,,35.0,
,,,,,,,,,,,,,,,,,,36.0,
,,,,,,,,,,,,,,,,,,156.0,
,,,,,,,,,,,,,,,,,,19.0,
,,,,,,,,,,,,,,,,,,17.0,
,,,,,,,,,,,,,,,,,,36.0,
,,,,,,,,,,,,,,,,,,35.0,
,,6.0,,,,24.0,,6.0,,,,,72.0,,,,,2005.0,
,,,,,,,,,,,,,,,,,,4.0,
,,,,,,,,,,,,,,96.0,,,,1731.0,
,,,,,,,,,,,,,,,,,,32.0,
,,,,,,,,,,,,,,,,,,484.0,
,,,,,,,,72.0,,,,,,,,,,102.0,
,,,,,,,,,,,,,,,,,,2.0,
,,,,,,,,,,,,,,,,,,12.0,
,,,,,,,,,30.0,,,,,,,,,1765.0,
,,,,,,,,,,,,,,,,,,1.0,
,,,,,,,,,,,,,,,,,,3.0,
,,,,,,,,,,,,,,,,,,-8.0,
,,,,,,,,,,,,,,,,,,57.0,
,,,,,,,,,,,,,,,,,,1.0,
,,,,,,,,,,12.0,,,,,,,,8.0,
,,,,,,,,,,,,,,,,,,1.0,
,,,,,,,,,,,,,,,,,,24.0,
,,,,,,,,,,,,,,,,,,27.0,
,,,,,12.0,72.0,,,,,,,,24.0,,,,525.0,
,,,,,,12.0,,12.0,,,,,,,,,,978.0,
,,,,,,72.0,,12.0,,,,,,,,,,432.0,
,,,,,,,,,,,,,,,,,,23.0,
,,,,,,12.0,,,,,,,,,,,,169.0,
,,,,,,,,,,,,,,,,,,6.0,
,,,,,,,,,,,,,,,,,,1.0,
,,,,,,,,,,,,,,,,,,27.0,
,,,,,,,,,,,,,,,,,,2.0,
,,,,,,,,,,,,,,,,,,12.0,
,,,,,,,,,,,,,,,,,,24.0,
,,,,,,,,,6.0,,,,,,,,,12.0,
,,,,,,,,,-4.0,,,,,,,,,285.0,
,,,,,,,,4.0,,,,,,,,,,4.0,
,,,,,,,,,,,,,,,,,,10.0,
,,,,,,,,,,,,,,,,,,7.0,
,,,,,,,,,,,,,,,,,,1.0,
,,,,,,,,,,,,,,,,,,51.0,
,,,,,,,,,,,,,,,,,,16.0,
,,,,,,,,,,,,,,,,,,3.0,
,,,,,,,,,,,,,,,,,,1.0,
,,,,,,,,,,,,,,,,,,2.0,
,,,,,,,,,,,,,,,,,,12.0,
,,,,,,,,,,,,,,,,,,9.0,
,,,,,,,,,,,,,,,,,,458.0,
,,,,,,,,,,,,,,,,,,-1.0,
,,,,,,,,,,,,,,,,,,2.0,
,,,,,,,,,,,,,,,,,,49.0,
,,,,,,4.0,,,,,,,,,,,,69.0,
,,,,,,4.0,,,,,,,,,,,,29.0,
,,,,,,,,,,,,,,,,,,2.0,
,,,,,,,,,,,,,,,,,,4.0,
,,,,,,,,,12.0,,,,,,,,,2.0,
,,,,,,,,,,,,,,,,,,382.0,
,,,,,,,,,,,,,,,,,,4.0,
,,,,,,,,,,,,,,,,,,4.0,
,,,,,,,,,,,,,,,,,,1.0,
,,,,,,,,,,,,,,,,,,4.0,
,,,,,,,,,,,,,,,,,,4.0,
,,,,,,,,,,,,,,,,,,2.0,
,,,,,,,,,,,,,,,,,,8.0,
,,,,4.0,,,,,,,,,,,,,,2.0,
,,,,,,,,,,,,,,,,,,7.0,
,,,,4.0,,,,,,,,,,,,,,8.0,
,,,,,,,,,,,,,,,,,,9.0,
,,,,,,,,,,,,,,,,,,4.0,
,,,,,,,,,,,,,,,,,,-36.0,
,,,,,,,,,,,,,,,,,,2.0,
,,,,,,,,,,,,,,,,,,1.0,
,,,,,,,,,,,,,,,,,,5.0,
,,,,,,,,,,,,,,,,,,2.0,
,,,,4.0,,,,,,,,,,,,,,5.0,
,,,,4.0,,,,,,,,,,,,,,6.0,
,,,,,,,,,,,,,,,,,,8.0,
,,,,,,,,,,,,,,,,,,8.0,
,,,,,,,,24.0,,,,,,,,,,597.0,
,,,,,,,,,,,,,,,,,,4.0,
,,,,,,,,,,,,,,,,,,10.0,
,,,,,,,,,,,,,,,,,,14.0,
,,,,,,,,,,,,,,,,,,24.0,
,,,,,,,,,,,,,,,,,,37.0,
,,,,,,,,,,,,,,,,,,-36.0,
,,,,,,,,,,,,,,,,,,12.0,
,,,,,,,,,,,,,,,,,,15.0,
,,,,8.0,,,,,,,,,,,,,,6.0,
,,,,4.0,,,,,,,,,,,,,,7.0,
,,,,4.0,,,,,,,,,,,,,,3.0,
,,,,,,,,,,,,,,,,,,5.0,
,,,,6.0,,,,,,,,,,,,,,11.0,
,,,,3.0,,,,,,,,,,,,,,1.0,
,,,,12.0,,252.0,,,12.0,,,,,,,12.0,,267.0,
,,,,,,425.0,,,25.0,,,,,,,,,436.0,
,,,,,,,,,,,,,,,,,,1.0,
,,,,,,,,,,,,,,,,,,-95.0,
,,,,,,,,,,,,,,,,,,7.0,
,,,,,,,,,,,,,,,,,,2.0,
,,,,,,,,,,,,,,,,,,1.0,
,,,,,,,,,,,,,96.0,,,,,4.0,
,,,,,,,,,,,,,,,,,,25.0,
,,,,,,576.0,,,,,,,144.0,,,,,489.0,
,,,,,,,,,,,,,,,,,,1.0,
,,,,,,,,,,,,,,,,,,10.0,
,,,,,,,,,,,,,,,,,,49.0,4.0
,,,,,,,,,,,,,,,,,,-2.0,
,,,,,,,,,,,,,,,,,,2.0,
,,,,,,2.0,,,,,,,,,,,,175.0,
,,,,,,,,,,,,,,12.0,,,,9.0,
,,,,,,,,,,,,,,,,,,13.0,
,,,,,,6.0,,,,,,,,,,,,54.0,
,,,,,,,,,,,,,,,,,,154.0,
,,,,,,,,,,48.0,,,,,,,,,
,,,,,,,,,,,,,,,,,,18.0,
,,,,,,,,,,,,,,,,,,95.0,
,,3.0,,3.0,,,,,,12.0,,,,,,,,11.0,
,,,,,,,,,,,,,,,,,,0.0,
,,,,6.0,,,,,,,,,,,,,,14.0,
,,,,,,,,,,,,,,,,,,8.0,
,,,,,,,,,,,,,,,,,,1.0,
,,,,,,,,,,,,,,,,,,2.0,
,,,,,,,,,,,,,,,,,,6.0,1.0
,,,,,,,,,,,,,,,,,,2.0,
,,,,,,,,,,,,,,,,,,60.0,
,,,,,,12.0,,,,,,,,,,,,106.0,
,,,,,,,,,,,,,,,,,,97.0,
,,,,,,12.0,,,12.0,,,,,,,,,262.0,5.0
,,,,,,,,12.0,,,,,492.0,,,,,930.0,5.0
,,,,,,,,,,,,,,,,,,42.0,
,,,,,,,,,,,,,,,,,,45.0,
,,,4.0,,,16.0,,,,4.0,,,,,,,,285.0,2.0
,,,,,,,,,,,,,,,,,,6.0,
,,2.0,,,,,,,,,,,,,,,,6.0,
,,,,,,,,,,,,,,,,,,5.0,
,,,,,,,,8.0,,,,,15.0,,,,,93.0,
,,,,,,,,,,,,,,,,,,2.0,
,,,,,,,,,,,,,,,,,,3.0,
,,,,,,12.0,,,,,,,,,,,,58.0,
,,,,,,8.0,,8.0,16.0,8.0,,,160.0,32.0,,,,1992.0,
,,,,3.0,,3.0,,,,12.0,,,,,,,,138.0,
,,,,,,,,,,,,,,,,,,4.0,
,,,,,,,,,,,,,,,,,,4.0,
,,,,,,,,,,,,,,,,,,20.0,
,,,,,,,,,,,,,,,,,,22.0,
,,,,,,,,,,,,,,,,,,4.0,
,,,,,,,,,,,,,,,,,,3.0,
,,,,4.0,,,,,,,,,,,,,,1.0,
,,,,,,,,,,,,,,,,,,2.0,
,,,,,,10.0,,,,,,,,,,,,,
,,,,4.0,,,,,,,,,,,,,,2.0,
,,,,4.0,,,,,,,,,,,,,,1.0,
,,,,,,,,,,,,,,,,,,3.0,
,,,,,,,,,,,,,,,,,,6.0,
,,,,,,,,,,,,,,,,,,2.0,
,,,,,,,,,,,,,,,,,,1.0,
,,,,,,,,,,,,,,,,,,24.0,
,,,,,,,,,,,,,,,,,,43.0,
,,,,,,12.0,,,,,,,,36.0,,,,369.0,
,,,,,,,,,,,,,,,,,,10.0,
,,,,,,,,,,,,,,,,,,3.0,
,,,,,,,,,,,,,,,,,,43.0,
,,,,,,,,,,,,,,,,,,3.0,
,,,,12.0,,12.0,,,,,,,,,,,,852.0,
,,,,,,,,,,,,,,,,,,273.0,
,,,,6.0,,,,,,,,,,,,,,69.0,
,,,,6.0,,12.0,,,,,,,,,,,,314.0,
,,,,,,,,,,,,,,,,,,87.0,
,,,,,,6.0,,,6.0,,,,,,,,,2.0,
,,,,,,,,,,,,,,,,,,7.0,
,,,,,,,,,,,,,144.0,,,,,122.0,
,,,,,,,,,,,,,,,,,,30.0,
,,,,,,,,,,,,,,,,,,35.0,
,,,,,,276.0,,,-2.0,,,,,,,,,474.0,
,,,,,,,,12.0,,,,,72.0,,,,6.0,94.0,
,,,,,,,,,,,,,,,,,12.0,292.0,
,,,,,,48.0,,,,,,,,,,,,378.0,
,,,24.0,,,840.0,,24.0,,,,,240.0,,240.0,,,1976.0,
,,,,,,360.0,,24.0,,,,,240.0,,240.0,,,2552.0,
,,,,,,,,,,,,,,,,,,4.0,
,,,,,,,,,,,,,,,,,,14.0,
,,3.0,,,,,,3.0,,,,,,,,,,6.0,
,,,,,,,,6.0,6.0,,,,,,,,,34.0,
,,,,,,6.0,,,6.0,,,,,,,,,45.0,
,,,,,,,,,,,,,,,,,,62.0,
,,,,,,,,,,,,,,,,,,3.0,
,,,,,12.0,,,,,,,,,,,,,288.0,
,,,,,,,,,,,,,,,,,,70.0,
,,,,,,-2.0,,,,,,,,,,,,429.0,2.0
,,,,,,,,,,,,,,,,,,0.0,
,,,,,,,,,,,,,,,,,,5.0,
,,,,,,,,,,,,,,,,,,0.0,
,,,,,,-2.0,,,,,,,,,,,,98.0,
,,,,,,8.0,,,,,,,,,,,,42.0,
,,,,,,6.0,,,,,,,,,,,,90.0,
,,,,,,,,,,,,,,,,,,17.0,
,,,,,,,,,4.0,,,,,,,,,6.0,
,,,,,,4.0,,,8.0,,,,,,,,,5.0,
,,,,,,12.0,,,,,,,,,,,,87.0,
,,,,,,240.0,,,,,,,,,,,,75.0,
,,,,,,,,,,,1.0,,,,,,,20.0,
,,,,,,,,,,,,,,,,,,1.0,
,,,,1.0,,1.0,,,,,,,,,,,,44.0,
,,,2.0,,,10.0,,,,,,,,,,,,194.0,
,,,,,,2.0,,,,,,,,,,,,30.0,
,,,,,,,,,,,,,,,,,,3.0,
,,,,,,,,,,,,,,,,,,1.0,
,,,,,,,,,,,,,,,,,,33.0,
,,,,,,,,,,,,,,,,,,1.0,
,,,,,,,,,,,,,,,,,,20.0,
,,,,,,,,,,,,,,,,,,5.0,
,,,,,,,,,,,,,,,,,,7.0,
,,,,,,,,,,,,,,,,,,13.0,
,,,,,,,,,,,,,,,,,,5.0,
,,,,,,,,,,,,,,,,,,3.0,
,,,,,,,,,,,,,,,,,,12.0,
,,,,,,9.0,,,,,,,,,,,,5.0,
,,,,,,12.0,,,,,,,,,,,,2.0,
,,,,,,6.0,,,,,,,,,,,,3.0,
,,12.0,,,,12.0,,,33.0,,,,,,,,,28.0,
,,,,,,,,,,,,,,,,,,1.0,
,,,,,,,,,,,,,,,,,,18.0,
,,,,,,,,,,,,,,,,,,18.0,
,,,,,,,,,,,,,,,,,,63.0,
,,,,,,,,,,,,,,,,,,10.0,
,,,,,,,,,,,,,,,,,,51.0,
,,,,,,,,,,,,,,,,,,2.0,
,,,,,,,,,,,,,,,,,,12.0,
,,,,,,,,,,,,,,,,,,-20.0,
,,,,,,18.0,,,,,,,,,,,,57.0,
,,,,,,,,,,,,,,,,,,70.0,
,,8.0,,,,,,,,,,,,,,,,55.0,
,,,,,,,,,,,,,,,,,,292.0,
,,,,,,,,,,,,,,,,,,240.0,
,,,,,,,,,,,,,,,,,,-24.0,
,,,,,,,,,,,,,,,,,,10.0,
,,,,,,,,,,,,,,,,,,13.0,
,,,,,,,,,,,,,,,,,,28.0,
,,,,,,,,,,,,,,,,,,154.0,
,,,,,,,,,,,,,,,,,,11.0,
,,,,,,,,,,,,,,,,,,12.0,
,,,,,,,,,,,,,,,,,,2.0,
,,,,,,,,,,,,,,,,,,18.0,
,,,,,,,,,,,,,,,,,,12.0,
,,,,,,,,,,6.0,,,,,,,,290.0,
,,,,,,,,,,,,,,,,,,12.0,
,,,,,,192.0,,,,,,,,,,,,364.0,
,,,,,,,,,,,,,,,,,,1.0,
,,,,,,,,,,,,,,,,,,3.0,
,,,,,,,,,,,,,,,,,,2.0,
,,,,,,,,,,,,,,,,,,483.0,
,,,,,,,,12.0,,,,,,,,,,70.0,
,,,,,,,,,4.0,,,,,8.0,,,,127.0,
,,,,,,,,,,16.0,,,,,,,,946.0,
,,,,,,576.0,,,,,,,,,,,,128.0,
,,,,,,,,,,,,,,,,,,79.0,
,,,,,,300.0,,,,,,,,,,,,16.0,
,,,,,,,,,,12.0,,,,,,,,1.0,
,,,,,,24.0,,,,,,,288.0,,,,,56.0,
,,,,,,,,,,,,,,,,,,71.0,
,,,,,,,,,,,,,96.0,,,,,2.0,
,,,12.0,,,,,,,,,,,,,,,108.0,
,,,,,,6.0,,,,,,,,,,,,25.0,
,,,,,,,,,,,,,,,,,,60.0,
,,,,,,12.0,,,,,,,,,,,,48.0,
,,,,,,,,,,,,,,,,,,51.0,
,,,,,,,,,,,,,,,,,,28.0,
,,,,,,,,,,,,,,,,,,3.0,
,,,,,,,,,,,,,,,,,,30.0,
,,,,,,,,,,,,,,,,,,5.0,
,,,,,,,,,,,,,,,,,,15.0,
,,,,,,,,,,,,,,,,,,15.0,
,,,,,,,,,,,,,,,,,,32.0,
,,,,,,,,,,,,,,24.0,,,,26.0,
,,,,,,,,96.0,,,,,,24.0,,,,77.0,
,,,,,,,,96.0,,,,,,,,,,120.0,
,,,,,,,,,,24.0,,,,,,,,,
,,,,,,,,,,,,,,,,,,-3.0,
,,,,,,12.0,,,,24.0,,,,,,,,,
,,,,,,,,123.0,12.0,,,,,,,,,768.0,
,,,,,,,,12.0,,,,,,,,,,440.0,
,,,,,,,,,,,,,,,,,,375.0,
,,,,,,,,,,,,,,,,,,1.0,
,,,,,,,,24.0,,,,,,36.0,,,,54.0,
,,,,,,,,,,,,,,,,,,3.0,
,,,,,,,,,,,,,,,,,,2.0,
,,,,,,,,,,,,,,,,,,2.0,
,,,,,,,,,,,,,,,,,,1.0,
,,,,,,,,,,,,,,,,,,1.0,
,,,,,,,,,,,,,,,,,,1.0,
,,,,,,,,,,,,,,,,,,4.0,
,,,,,,,,,,,,,,,,,,3.0,
,,,,,,,,,,,,,,,,,,2.0,
,,,,,,,,,,,,,,,,,,4.0,
,,,,,,,,,,,,,,,,,,1.0,
,,,,,,,,,,,,,,,,,,3.0,
,,,,,,,,,,,,,,,,,,1.0,
,,,,,,,,,,,,,,,,,,2.0,
,,,,,,,,,,,,,,,,,,360.0,
,,,,,,,,,,,,,,,,,,18.0,
,,,,,,,,,,,,,,,,,,5.0,
,,,,,,,,,,,,,,,,,,12.0,
,,,,,,,,,,,,,,,,,,3.0,
,,,,,,,,,,,,,,,,,,4.0,
,,,,,,,,,,,,,,,,,,1.0,
,,,,,,,,,,,,,,,,,,1.0,
,,,,,,,,,,,,,,,,,,1.0,
,,,,,,,,,,,,,,,,,,1.0,
,,,,,,,,,,,,,,,,,,2.0,
,,,,,,,,,,,,,,,,,,1.0,
,,,,,,,,,,,,,,,,,,3.0,
,,,,,,,,,,,,,,,,,,1.0,
,,,,,,,,,,,,,,,,,,2.0,
,,,,,,,,,,,,,,,,,,31.0,
,,,,,,,,,,,,,,,,,,66.0,
,,,,,,,,,,,,,,,,,,2.0,
,,,,,,,,,,,,,,,,,,2.0,
,,,,,,,,,,,,,,,,,,3.0,
,,,,,,,,,,,,,,,,,,4.0,
,,,,,,,,,,,,,,,,,,5.0,
,,,,,,,,,,,,,,,,,,2.0,
,,,,,,,,,,,,,,,,,,8.0,
,,,,,,,,,,,,,,,,,,9.0,
,,,,,,,,,,,,,,,,,,4.0,
,,,,,,,,,,,,,,,,,,3.0,
,,,,,,,,,,,,,,,,,,10.0,
,,,,,,,,,,,,,,,,,,1.0,
,,,,,,,,,,,,,,,,,,8.0,
,,,,,,,,,,,,,,,,,,9.0,
,,,,,,,,,,,,,,,,,,6.0,
,,,,,,,,,,,,,,,,,,14.0,
,,,,,,,,,,,,,,,,,,3.0,
,,,,,,,,,,,,,,,,,,3.0,
,,,,,,,,,,,,,,,,,,1.0,
,,,,,,,,,,,,,,,,,,4.0,
,,,,,,,,,,,,,,,,,,1.0,
,,,,,,,,,,,,,,,,,,5.0,
,,,,,,,,,48.0,,,,,,,,,403.0,
,,,,,,,,,,,,,,,,,,4.0,
,,,,,,,,,,,,,,,,,,7.0,
,,,,,,,,,,,,,,,,,,11.0,
,,,,,,,,,,,,,,,,,,18.0,
,,,,,,,,,,,,,,,,,,10.0,
,,,,,,,,,,,,,,,,,,1.0,
,,,,,,,,,,,,,,,,,,5.0,
,,,,,,,,,,,,,,,,,,3.0,
,,,,,,,,,,,,,,,,,,6.0,
,,,,,,,,,,,,,,,,,,2.0,
,,,,,,,,,,,,,,,,,,3.0,
,,,,,,,,,,,,,,,,,,11.0,
,,,,,,,,,,,,,,,,,,5.0,
,,,,,,,,,,,,,,,,,,3.0,
,,,,,,,,,,,,,96.0,,,,,30.0,
,,,,,,,,,,,,,,,,,,23.0,
,,,,,,,,,,,,,,,,,,12.0,
,,,,,,,,,,,,,,,,,,13.0,
,,,,,,,,,,,,,,,,,,36.0,
,,,,,,30.0,,21.0,9.0,,,,,,,,,1292.0,
,,,,3.0,,27.0,,9.0,,,,,,,,,,834.0,
,,,,,,,,,,,,,,,,,,11.0,
,,,,,,,,,,,,,,,,,,1.0,
,,,,,,,,,,,,,,,,,,2.0,
,,,,,,,,,,,,,,,,,,3.0,
,,,,,,,,,,,,,,,,,,2.0,
,,,,,,4.0,,,,,,,,,,,,77.0,
,,,,,,25.0,,,,,,,,,,,,25.0,
,,,,,,,,,,,,,,,,,,400.0,
,,,,,,,,,,,,,,,,,,1125.0,
,,,,,,,,,,,,,,,,,,284.0,
,,,,,,,,,,,,,,,,,,575.0,
,,,,,,,,,,,,,,,,,,25.0,
,,,,,,,,,,,,,,,,,,150.0,
,,,,,,25.0,,,,,,,,,,,,600.0,
,,,,,,,,,,,,,,,,,,750.0,
,,,,,,,,,,,,,,,,,,26.0,
,,,,,,,,,,,,,,,,,,461.0,
,,,,,,,,,,,,,,,,,,8.0,
,,,,,,,,,,,,,,,,,,50.0,
,,,,,,,,,,,,,,,,,,-150.0,
,,,,,,,,,,,,,,,,,,75.0,
,,,,,,,,,,,,,,,,,,-75.0,
,,,,,,,,,,,,,,,,,,25.0,
,,,,,,,,,,,,,,,,,,100.0,
,,,,,,,,,,,,,,,,,,100.0,
,,,,,,,,,,,,,,,,,,-3.0,
,,,,,,,,,,,,,,,,,,1.0,
,,,,,,12.0,,,,12.0,,,,,,,,1.0,
,,,,,,,,,,,,,,,,,,15.0,
,,,,,,,,,,,,,,,,,,96.0,
,,,,,,,,,,,,,,,,,,4.0,
,,,,,,,,6.0,,,,,,,,,,44.0,
,,,,,,,,,,,,,,,,,,3.0,
,,,,,,,,,,,,,,,,,,8.0,
,,,,,,,,,,,,,,,,,,14.0,
,,,,,,,,,,,,,,,,,,108.0,
,,,,,,,,,,,,,,,,,,48.0,
,,,,,,,,,,,,,,,,,,78.0,
,,,,,,,,,,,,,,,,,,428.0,
,,,,,,,,,,,,,,,,,,2.0,
,,,,,,,,,,,,,,,,,,288.0,
,,,,,,,,,,,,,,,,,,193.0,
,,,,,,,,,,,,,,,,,,85.0,
,,,,,,,,,,,,,,,,,,192.0,
,,,,,,,,,,,,,,,,,,2.0,
,,,,,,,,,,,,,,,,,,193.0,
,,,,,,,,,,,,,,,,,,80.0,
,,,,,,,,,,,,,,,,,,117.0,
,,,,,,,,,,,,,,,,,,192.0,
,,,,,,,,,,,,,,,,,,1.0,
,,,,,,,,,,,,,,,,,,-91.0,
,,,,,,,,,,,,,,,,,,193.0,
,,,,,,,,,,,,,,,,,,1.0,
,,,,,,,,,,,,,,,,,,28.0,
,,,,,,,,,,,,,,,,,,144.0,
,,,,,,,,,,,,,,,,,,85.0,
,,,,,,,,,,,,,,,,,,41.0,
,,,,,,,,,,,,,,,,,,11.0,
,,,,,,,,,,,,,,,,,,119.0,
,,,,,,6.0,,,,,,,,,,,,,
,,24.0,,,,24.0,,,,,,,,,,,,42.0,
,,,,,,,,,,,,,,,,,,144.0,
,,,,,3888.0,,,,,,,,,,,,,436.0,
,,,,,2520.0,,,,,,,,,,,,,434.0,
,,,,,,,,,,,,,,,,,,432.0,
,,,,,,,,,,,,,,,,,,52.0,
,,,,,,,,,,,,,,,,,,-485.0,
,,,,,,,,,,,,,,,,,,38.0,
,,,,,,,,,,,,,,,,,,73.0,
,,,,,,,,,,,,,,,,,,2163.0,
,,,,,,,,,,,,,,,,,,1232.0,
,,,,,,,,,,,,,,,,,,52.0,
,,,,,,,,,,,,,,,,,,50.0,
,,,,,,,,,,,,,,,,,,3.0,
,,,,,,,,,,,,,,,,,,9.0,
,,,,,,,,,,,,,,,,,,-89.0,
,,,,,,,,,,,,,,,,,,6.0,
,,,,,,,,,,,,,,,,,,3.0,
,,,,,,12.0,,,,,,,,,,,,79.0,
,,,,,,,,,,,,,,,,,,1.0,
,,,,,,,,,,,,,,,,,,1.0,
,,,,,,,,,,,,,,,,,,136.0,
,,,,,,,,,,,,,,,,,,11.0,
,,,,,,,,,,,,,,,,,,1.0,
,,,,,,,,,,,,,,,,,,45.0,
,,,,,,,,,,,,,,,,,,4.0,
,,6.0,,,,,,,,,,,,,,,,143.0,
,,,,,,,,,,,,,,,,,,128.0,
,,,,,,,,,,,,,,,,,,179.0,
,,,,,,,,,,,,,,,,,,20.0,
,,,,,,,,,,,,,,,,,,65.0,
,,,,,,,,,,,,,,,,,,-277.0,
,,,,,,,,,,,,,,,,,,18.0,
,,,,,,,,,,,,,,,,,,29.0,
,,,,,,,,,,,,,,,,,,52.0,
,,,,,,24.0,,,,,,,,,,,,101.0,
,,,,,,,,,,,,,,,,,,63.0,
,,,,,,,,,,,,,,,,,,6.0,
,,,,,,,,,,,,,,,,,,21.0,
,,,,,,,,,,,,,,,,,,19.0,
,,,,,,,,,,,,,,,,,,1.0,
,,,,,,,,,,,,,,,,,,24.0,
,,,,,,,,,,,,,,,,,,2.0,
,,,,,,,,,,,,,,,,,,15.0,
,,,,,,,,,,,,,,,,,,2.0,
,,,,,,,,,,,,,,,,,,18.0,
,,,,,,,,,,,,,,,,,,2.0,
,,,,,,,,,,,,,,,,,,68.0,
,,,,,,,,,,,,,,,,,,8.0,
,,,,,,,,,,,,,,,,,,2.0,
,,,,,,,,,,,,,,,,,,89.0,
,,,,,,,,,,,,,,,,,,54.0,
,,,,,,,,,,,,,,,,,,2.0,
,,,,,,,,,,,,,,,,,,4.0,
,,,,,,,,,,,,,,,,,,6.0,
,,,,,,,,,,,,,,,,,,1.0,
,,,,,,,,,,,,,,,,,,152.0,
,,,,,,,,,6.0,,,,,,,,,45.0,
,,6.0,,,,,,,,,,,,,,,,19.0,
,,,,,,,,,,,,,,,,,,38.0,
,,6.0,,,,,,,,,,,,,,,,15.0,
,,,,,,,,,6.0,,,,,,,,,40.0,
,,,,,,,,,,,,,,,,,,-12.0,
,,,,,,,,,,,,,,,,,,35.0,
,,,,,,,,,,,,,,,,,,2.0,
,,,,,,,,,,,,,,,,,,1.0,
,,,,,,,,,,,,,,,,,,2.0,
,,,,,,,,,,,,,,,,,,36.0,
,,,,,,,,,,,,,,,,,,3.0,
,,,,,,,,,,,,,,,,,,36.0,
,,,,,,,,,,,,,,,,,,36.0,
,,,,,,,,,,,,,,,,,,25.0,
,,,,,,,,,,,,,,,,,,31.0,
,,,,,,,,,,,,,,,,,,4.0,
,,,,,,,,,,,,,,,,,,4.0,
,,,,,,,,,,,,,,,,,,3.0,
,,,,,,,,,,,,,,,,,,7.0,
,,,,,,,,,,,,,,,,,,13.0,
,,,,,,,,,,,,,,,,,,8.0,
,,,,,,,,,,,,,,,,,,16.0,
,,,,,,,,,,,,,,,,,,24.0,
,,,,,,,,,,,,,288.0,,,,,,
,,,,,,,,,,,,,288.0,,,,,14.0,
,,,,,,,,,,,,,288.0,,,,,4.0,
,,,,,,,,,,,,,,,,,,5.0,
,,,,,,,,,,,,,,,,,,-12.0,
,,,,,,,,,,,,,,,,,,6.0,
,,,,,,,,,,,,,,,,,,7.0,
,,,,,,,,,,,,,,,,,,9.0,
,,,,,,,,,,,,,,,,,,2.0,
,,,,,,,,,,,,,,,,,,210.0,
,,,,,,,,,,,,,,,,,,66.0,
,,,,,,,,,,,,,,,,,,-148.0,
,,,,,,,,,,,,,,,,,,13.0,
,,,,,,,,,,,,,,,,,,2.0,
,,,,,,,,,,,,,,,,,,3.0,
,,,,,,,,,,,,,,,,,,12.0,
,,,,,,,,,,,,,,,,,,-1.0,
,,,,,,,,,,,,,,,,,,-16.0,
,,,,,,,,,,,,,,,,,,-10.0,
,,,,,,,,,,,,,,,,,,-25.0,
,,,,,,,,,,,,,,,,,,-15.0,
,,,,,,,,,,,,,,,,,,68.0,
,,,,,,,,,,,,,,,,,,0.0,
,,,,,,,,,,,,,,,,,,1.0,
,,,,,,,,,,,,,,,,,,1.0,
,,,,,,6.0,,,,,,,,,,,,,
,,,,,,,,,,,,,,,,,,1.0,
,,,,,,,,,,,,,,,,,,1.0,
,,,,,,,,,,,,,,,,,,2.0,
,,,,,,,,,,,,,,,,,,2.0,
,,,,,,,,,,,,,,,,,,1.0,
,,,,,,,,,,,,,,,,,,2.0,
,,,,,,,,,,,,,,,,,,4.0,
,,,,,,,,,,,,,,,,,,2.0,
,,,,,,,,,,,,,,,,,,49.0,
,,,,,,,,,,,,,,,,,,161.0,
,,,,,,,,,,,,,,,,,,186.0,
,,,,,,,,,,,,,,,,,,161.0,
,,,,,,,,,,,,,,,,,,-37.0,
,,,,,,,,,,,,,,,,,,-36.0,
,,,,,,,,,,,,,,,,,,-44.0,
,,,,,,12.0,,,,,,,,,,,,70.0,
,,,,,,,,,,,,,,,,,,4.0,
,,,,,,,,,,,,,,,,,4.0,110.0,
,,5.0,,,,,,,,,,,320.0,,,,,25.0,
,,,,,,,,,,,,,,,,,,13.0,
,,,,,,,,,,,,,,,,,,8.0,
,,,,,,,,,,,,,,,,,,79.0,
,,,,,,,,,,,,,,,,,,1.0,
,,,,,,,,,,,,,,,,,,4.0,
,,,,,,,,,,,,,,,,,,-2.0,
,,,,,,,,,,,,,,,,,,3.0,
,,,,18.0,,,,,,,,,,,,,,43.0,
,,,,,,,,,,,,,,,,,,10.0,
,,,,10.0,,,,12.0,,,,,,,,,,105.0,
,,,,,,,,6.0,,,,,,,,,,9.0,
,,,,,,,,,,,,,,,,,,80.0,
,,,,,,,,,,,,,,,,,,5.0,
,,,,,,,,,,,,,,,,,,77.0,
,,,,,,,,,,,,,,,,,,-17.0,
,,,,,,,,,,,,,,,,,,50.0,
,,,,,,,,,,,,,,,,,,68.0,
,,,,,,,,,,,,,,,,,,199.0,
,,,,,,,,,,,,,,,,,,198.0,
,,,,,,,,,,,,,,,,,,106.0,
,,,,,,,,,,,,,,,,,,32.0,
,,,,,,,,,,,,,,,,,,105.0,
,,,,,,,,,,,,,,,,,,184.0,
,,,,,,,,,,,,,,,,,,1.0,
,,,,,,,,,,,,,,,,,,1.0,
,,,,,,,,,,,,,,,,,,7.0,
,,,,,,,,,,,,,,,,,,57.0,
,,,,,,,,,,,,,,,,,,4.0,
,,,,,,,,,,,,,,,,,,4.0,
,,,,,,,,,,,,,,,,,,1.0,
,,,,,,,,,,,,,,,,,,2.0,
,,,,,,,,,,,,,,,,,,174.0,
,,,,,,,,,3.0,,,,,,,,,2.0,
,,,,,,,,,,,,,,,,,,3.0,
,,,,,,12.0,,12.0,,,,,,,,,,27.0,
,,,,,,,,,,,,,,,,,,2301.0,
,,,,,,12.0,,,,,,,,,,,,51.0,
,,,,,,,,,,,,,,,,,,17.0,
,,,,,,4.0,,,,,,,,6.0,,,,54.0,
,,,,,,,,,,,,,,,,,,118.0,
,,,,,,,,,,,,,,,,,,9.0,
,,,,,,,,,,,,,,,,,,1.0,
,,,,,,12.0,,,,,,,,,,,,17.0,
,,,,,,,,,,,,,,,,,,1.0,
,,,,,,,,,,,,,,,,,,-69.0,
,,,,,,,,,,,,,,,,,,15.0,
,,,,,,,,,,,,,,,,,,1.0,
,,,,,,6.0,,,,,,,,,,,,199.0,
,,,,,,40.0,,,20.0,,,,,,,,,253.0,
,,,,,,,,,,,,,,,,,,7.0,
,,,,,,15.0,,,,,,,10.0,,,,,111.0,
,,,,,,12.0,,,,,,,,,,,,74.0,
,,,,,,,,,,,,,,,,,,2.0,
,,,,,,2.0,,,,,,,,12.0,,,,30.0,
,,,,,,,,,,,,,,,,,,3.0,
,,,,,,,,,,,,,,,,,,20.0,
,,,,,,,,,,,,,,,,,,-16.0,
,,,,,,,,,,,,,,,,,,5.0,1.0
,,,,,,,,,,,,,,,,,,3.0,
,,,,,,,,,,,,,,,,,,4.0,
,,,,,,,,,,,,,,,,,,2.0,
,,,,,,,,,,,,,,,,,,1.0,
,,10.0,,,,,,,,,,,,,,,,14.0,
,,,,,,,,,6.0,,,,,,,,,141.0,
,,,,,,,,,3.0,,,,,,,,,159.0,
,,,,,,,,,,,,,,,,,,4.0,
,,,,,,,,,,,,,,,,,,7.0,
,,,,,,8.0,,,,,,,,,,,,94.0,
,,,,,,8.0,,,8.0,,8.0,,,,,,8.0,352.0,
,,,,,,,,,24.0,,,,,,,,,7.0,
,,,,,,,,,,,,,,,,,,5.0,
,,,,,,,,,,,,,,,,,,1.0,
,,,,,,,,12.0,,,,,,,,,,1.0,
,,,,,,,,,12.0,,,,,,,,,31.0,
,,,,,,,,,-2.0,,,,,,,,,23.0,
,,,,,,18.0,,,,,,,,,,,,112.0,
,,,,,,,,,,,,,,,,,,54.0,
,,,,,,10.0,,,,,,,,,,,,226.0,
,,,,,,,,,,,,,,,,,,85.0,
,,,,,,,,,,,,,,,,,,25.0,
,,,,,,,,,,,,,,,,,,29.0,
,,,,,,,,,,,,,,,,,,5.0,
,,,,,,,,,,,,,,,,,,349.0,
,,,,,,,,,,,,,,,,,,64.0,
,,,,,,,,,,,,,,,,,,1.0,
,,,,,,,,,,,,,,,,,,2.0,
,,,,,,,,,,,,,,,,,,2.0,
,,,,,,,,,,,,,,,,,,4.0,
,,,,,,,,,,,,,,,,,,1.0,
,,,,,,,,,,,,,,,,,,258.0,
,,,,,,,,,,,,,,,,,,96.0,
,,,,,,,,,,,,,,,,,,39.0,
,,,,,,,,,,,,,,,,,,2.0,
,,,,,,,,,,,,,,,,,,4.0,
,,,,,,,,,,,,,,,,,,140.0,
,,,,,,,,,,,,,,,,,,-3669.0,
,,,,,,,,,,,,,,,,,,24.0,
,,,,,,,,,,,,,,,,,,200.0,
,,,,,,,,,,,,,,,,,,542.0,
,,,,,,,,,,,,,,,,,,6.0,
,,,,,,,,,,,,,,,,,,1.0,
,,,,,,,,,,,,,,,,,,54.0,
,,,,,,,,,,,,,,,,,,74.0,
,,,,,,,,,,,,,,,,,,95.0,
,,,,,,,,,,,,,,,,,,3.0,
,,,,,,,,,,12.0,,,,,,,,61.0,
,,,,,,,,,,,,,,,,,,387.0,
,,,,,,,,,,,,,,,,,,6.0,
,,,,,,,,,,,,,,,,,,11.0,
,,,,,,,,,,,,,,,,,,102.0,
,,,,,,,,,,,,,,,,,,8.0,
,,,,,,,,,,,,,,,,,,-32.0,
,,,,,,,,,,,,,,,,,,192.0,
,,,,,,,,,,,,,,,,,,137.0,
,,,,,,,,,,,,,,,,,,12.0,
,,,,,,,,,,,,,,,,,,1.0,
,,,,,,,,,,,,,,,,,,17.0,
,,,,,,16.0,,,,,,,,,,,,17.0,
,,,,,,8.0,,,,8.0,,,,,,,,18.0,
,,,,,,8.0,,,,,,,,,,,,42.0,
,,,,,,,,,,,,,,,,,,-20.0,
,,,,,,,,,,,,,,,,,,-18.0,
,,,,,,,,,,,,,,,,,,-21.0,
,,,,,,,,,,,,,,,,,,-24.0,
,,,,,,,,,,,,,,,,,,-46.0,
,,,,,,,,,,8.0,,,,,,,,19.0,
,,,,,,,,,,,,,,,,,,8.0,
,,,,,,,,,,,,,,,,,,10.0,
,,,,,,8.0,,,,,,,,,,,,73.0,
,,,,,,36.0,,,,,,,,,,,,72.0,
,,,,,,,,,,,,,,,,,,-104.0,
,,,,,,,,,,,,,,,,,,-23.0,
,,,,,,,,,,,,,,,,,,132.0,
,,,,,,,,,,,,,,,,,,160.0,
,,,,,,6.0,,,,,,,,,,,,112.0,
,,,,,,,,,,,,,,,,,,1.0,
,,,,,,,,,,,,,,,,,,3.0,
,,,,,,,,,,,,,,,,,,-16.0,
,,,,,,,,,,,,,,,,,,2.0,
,,,,,,,,,,,,,,,,,,1.0,
,,,,,,,,,,,,,,,,,,2.0,
,,,,,,,,,,,,,,,,,,287.0,
,,,,,,,,,,,,,,,,,,55.0,
,,,,,,,,,,,,,,,,,,256.0,
,,,,,,,,,,,,,,,,,,26.0,
,,,,,,,,,,,,,,,,,,274.0,
,,,,,,,,,,,,,,,,,,506.0,
,,,,,,,,,,,,,,,,,,312.0,
,,,,,,,,,,,,,,,,,,315.0,
,,,,,,,,,,,,,,,,,,293.0,
,,,,,,,,,,,,,,,,,,294.0,
,,,,,,,,,,,,,,,,,,31.0,
,,,,,,,,,,,,,,,,,,586.0,
,,,,,,,,,,,,,,,,,,13.0,
,,,,,,,,,,,,,,,,,,12.0,
,,,,,,,,,,,,,,,,,,29.0,
,,,,,,,,,,,,,,,,,,60.0,
,,,,,,,,,,,,,,,,,,34.0,
,,,,,,,,,,,,,,,,,,2.0,
,,,,,,,,,,,,,,,,,,50.0,
,,,,,,,,,,,,,,,,,,101.0,
,,,,,,,,,,,,,,,,,,85.0,
,,,,,,,,,,,,,,,,,,34.0,
,,,,,,,,,,,,,,,,,,3.0,
,,,,,,,,,,,,,,,,,,45.0,
,,,,,,,,,,,,,,,,,,48.0,
,,,,,,,,,,,,,,,,,,287.0,
,,,,,,,,,,,,,,,,,,8.0,
,,,,,,,,,,,,,,,,,,20.0,
,,,,,,,,,,,,,,,,,,21.0,
,,,,,,,,,,,,,,,,,,163.0,
,,,,,,,,,,,,,,,,,,81.0,
,,,,,,,,,,,,,,,,,,3.0,
,,,,,,,,,,,,,,,,,,-57.0,
,,,,,,,,,,,,,,,,,,11.0,
,,6.0,,,,,,,,,,,,,,,,20.0,
,,,,,,,,,,,,,,,,,,12.0,
,,,,,,,,,,,,,,,,,,1.0,
,,,,,,,,,,,,,,,,,,9.0,
,,,,,,,,,,,,,,,,,,1.0,
,,,,,,,,,,,,,,,,,,1.0,
,,,,,,,,,,,,,,,,,,-2.0,
,,,,,,,,10.0,,,,,,,,,,23.0,
,,,,,,,,,,,,,,,,,,14.0,
,,,,,,,,,,,,,,,,,,11.0,
,,,,,,,,,,,,,,,,,,23.0,
,,,,,,,,,,,,,,,,,,40.0,
,,,,,,,,,,,,,,,,,,57.0,
,,,,,,,,,,,,,,,,,,55.0,
,,,,,,,,,,,,,,,,,,0.0,
,,12.0,,,,,,,24.0,,,,,,,,,83.0,
,,,,,,,,,,,,,,,,,,3.0,
,,,,,,,,,,,,,,,,,,1.0,
,,,,,,,,,,,,,,,,,,39.0,
,,,,,,,,,,,,,,,,,,1.0,
,,,,,,,,,,,,,,,,,,2.0,
,,,,,,,,,,,,,,,,,,2.0,
,,,,,,,,,,,,,,,,,,8.0,
,,,,,,,,,,,,,,,,,,1.0,
,,,,,,,,,,,,,,,,,,5.0,
,,,,,,24.0,,,,,,,,,,,,61.0,
,,,,,,,,,,,,,,,,,,62.0,
,,,,,,,,,,,,,,,,,,117.0,
,,,,,,48.0,,,,,,,,,,,,367.0,
,,,,,12.0,48.0,,,,,,,,24.0,,,,388.0,
,,,,,,,,,,,,,,,,,,34.0,
,,,,,24.0,48.0,,,,,,,,24.0,,,,590.0,
,,,,,,,,,,,,,,,,,,0.0,
,,,,,,,,,,,,,,,,,,29.0,
,,,,,,,,,10.0,,,,,,,,,23.0,
,,,,,,,,,10.0,,,,,,,,,4.0,
,,,,,,,,,10.0,,,,,,,,,23.0,
,,,,,,,,,,,,,,,,,,2.0,
,,,,,,,,,,,,,,,,,,121.0,
,,,,,,,,,,,,,,,,,,1.0,
,,,,,,10.0,,,,,,,,,,,,4.0,
,,,6.0,6.0,,6.0,,,,,,,,,,,,658.0,
,,,,,,,,,,,,,,,,,,3.0,
,,,,,,,,,,,,,,,,,,51.0,
,,,,,,,,,,,6.0,,,,,,,34.0,
,,,,,,,,,,,,,,,,,,19.0,
,,,,,,,,,,,,,,,,,,39.0,
,,,,,,,,,,,,,,,,,,16.0,
,,,,,,,,,,,,,,,,,,41.0,
,,8.0,,,,,,,,,,,,,,,,49.0,
,,,,,,,,,,,,,,,,,,16.0,
,,,,,,,,,,,,,,,,,,36.0,
,,,,,,,,,,,,,,,,,,15.0,
,,,,,,,,,,,,,,,,,,50.0,
,,,,,,,,,,,,,,,,,,89.0,
,,,,,,52.0,,,,,,,,4.0,,,,1255.0,
,,,,,,,,,4.0,,,,,,,,,549.0,
,,,,,,,,,,,,,,,,,,1.0,
,,,,,,,,,,,,,,,,,,4.0,
,,,,,,,,,,,,,,,,,,1.0,
,,,,,,,,,,,,,,,,,,18.0,
,,,,,,6.0,,,,,,,,,,,,96.0,
,,,,,,6.0,,,,,,,,,,,,135.0,
,,,,,,12.0,,,,,,,,,,,,417.0,
,,,,,,12.0,,,,,,,,,,,,352.0,
,,,,,,,,,,,,,,,,,,37.0,
,,,,,,,,,,,,,,,,,,10.0,
,,,,,,,,,,,,,,,,,,24.0,
,,,,,,,,,,,,,,,,,,11.0,
,,,,,,,,,,,,,,,,,,5.0,
,,,,,,,,12.0,,,,,,,,,,158.0,
,,,,,,,,,,,,,,,,,,50.0,
,,,,,,,,,,,,,,,,,,5.0,
,,,,,,,,,,,,,,,,,,4.0,
,,,,,,,,12.0,24.0,,,,,,,,,96.0,
,,,,,,,,,,,,,,,,,,92.0,
,,,,,,,,,,,,,,,,,,1120.0,
,,,,,,,,12.0,,,,,,,,,,1.0,
,,,,,,,,,,,,,,,,,,12.0,
,,,,,,,,,,,,,,,,,,14.0,
,,,,,,,,,,,,,,,,,,17.0,
,,,,,,,,,,,,,,,,,,19.0,
,,,,,,,,,,,,,,,,,,2.0,
,,,,,,,,,,,,,,,,,,38.0,
,,4.0,,,,156.0,,,12.0,,,,,4.0,,,,41.0,
,,,,,,228.0,,,12.0,,,,,4.0,,,,19.0,
,,,,,,,,,,,,,,,,,,21.0,
,,,,,,,,,,,,,,,,,,2.0,
,,,,,,,,,,,,,,,,,,2.0,
,,,,,,,,,,,2.0,,,,,,,6.0,
,,,,,,,,,,,,,,,,,,3.0,
,,,,,,,,,,,,,,,,,,75.0,
,,,,,,,,,,,,,,,,,,14.0,
,,,,,,,,,,,,,,,,,,43.0,
,,,,,,,,,,,,,,,,,,3.0,
,,,,8.0,,8.0,,,,,,,128.0,,,,,342.0,
,,,,,,,,,,,,,,,,,,2.0,
,,,,,,,,,,,,,,,,,,3.0,
,,,,,,,,,,,,,,,,,,2.0,
,,,,,,,,,,,,,,,,,,1.0,
,,,,,,,,,,,,,,,,,,1.0,
,,,,,,,,,12.0,,,,,,,,,1.0,
,,,,,,,,,,18.0,,,,,,,,-10.0,
,,,,,,,,,,24.0,,,,,,,,14.0,
,,,,,,,,,,,,,,,,,,47.0,
,,,,,,,,,,,,,96.0,,,,,44.0,
,,,,,,,,,,,,,,,,,,-2.0,
,,,,,,18.0,,,,,,,,,,,,17.0,
,,,,,,,,,,,,,,,,,,5.0,
,,,,,,,,,,,,,,,,,,-7.0,
,,,,,,6.0,,,,,,,,,,,,4.0,
,,,,,,,,,,,,,,,,,,4.0,
,,,,,,8.0,,,,,,,,,,,,58.0,
,,,,,,8.0,,,,,,,,,,,,48.0,
,,,,,,,,,,,,,,,,,,37.0,
,,,,,,,,,,,,,,,,,,3.0,
,,,,,,12.0,,,,,,,,,,,,8.0,
,,,,,,16.0,,,,24.0,,,,,,,,21.0,
,,,,,,,,,,,,,,,,,,2.0,
,,,,,,10.0,,,,,,,,,,,,86.0,
,,,,,,30.0,,,,,,,,,,,,227.0,
,,,,,,,,,,,,,,,,,,25.0,
,,,,,,,,,,,,,,,,,,4.0,
,,,,,,,,,,,,,,,,,,16.0,
,,,,,,12.0,,,,,,,,,,,,63.0,
,,,,,,6.0,,,,,,,,,,,,51.0,
,,12.0,,-12.0,,36.0,,,,,,,,,,,6.0,181.0,
,,,,12.0,,36.0,,,,,,,,,,,6.0,356.0,
,,,,,,,,,,,,,,,,,,6.0,
,,,,,,,,,,,,,,,,,,3.0,
,,,,,,,,,,,,,,,,,,4.0,
,,,,,,,,,6.0,,,,,,,,,2.0,
,,,,,,2.0,,,,,,,,,,,,23.0,
,,4.0,,,,,,,,,,,,,,,,13.0,
,,,,,,,,,,,,,,,,,,57.0,
,,,,,,,,,,,,,,,,,,95.0,
,,,,,,,,,,,,,,,,,,60.0,
,,,,,,,,,,,,,,,,,,102.0,
,,,,,,,,,,,,,,,,,,80.0,
,,,,,,,,,,,,,,,,,,35.0,
,,,,,,,,,,,,,,,,,,-19.0,
,,,,,12.0,,,,,,,,,,,,,29.0,
,,,,,,,,,,,,,,,,,,2.0,
,,,,,,,,,,,,,,,,,,8.0,
,,,,,,,,,,,,,,,,,,63.0,
,,,,,,,,,,,,,,,,,,59.0,
,,,,,,,,,,,,,,,,,,22.0,
,,,,,,,,,,,,,,,,,,8.0,
,,,,,,,,,,,,,,,,,,5.0,
,,,,,,,,,,,,,,,,,,1.0,
,,,,,,,,,,,,,,,,,,1.0,
,,,,,,,,,,,,,,,,,,13.0,12.0
,,,,,,,,,,,,,,,,,,1.0,12.0
,,,,,,,,,12.0,,,,,,,,,6.0,12.0
,,,,,,,,,,,,,,,,,,18.0,
,,,,,,,,,,,,,,,,,,4.0,
,,,,,,,,,,,,,,,,,,-14.0,
,,,,,,,,,,,,,,,,,,1.0,
,,,,,,,,,,,,,,,,,,11.0,
,,,,,,24.0,,,,,,,,,,,,50.0,
,,,,,,,,,,,,,,,,,,72.0,
,,,,,,,,,,,,,,,,,,189.0,
,,,,,,,,,,,,,,,,,,66.0,
,,,,,,,,,,,,,,,,,,173.0,
,,,,,,,,,,,,,,,,,,43.0,
,,,,,,,,,,,,,,,,,,27.0,
,,,,,,,,,,,,,,,,,,82.0,
,,,,,,,,,,,,,,,,,,47.0,
,,,,,,,,,,,,,,,,,,1.0,
,,,,,,,,-3.0,,,,,,,,,,5.0,
,,,,,,,,-4.0,,,,,,,,,,13.0,
,,,,,,5.0,,,,,,,,,,,,11.0,
,,,,,,,,,,,,,,,,,,1.0,
,,,,,,,,,,,,,,,,,,8.0,
,,,,,,,,,,,,,,,,,,3.0,
,,,,,,,,,,,,,,,,,,51.0,
,,,,,,,,,,,,,,,,,,52.0,
,,,,,,,,,,,,,,,,,,6.0,
,,,,,,,,,,,,,,,,,,97.0,
,,,,,,,,,,,,,,,,,,28.0,
,,,,,,,,,,,,,,,,,,2.0,
,,,,,,,,,,,,,,,,,,8.0,
,,,,,,,,,,,,,,,,,,4.0,
,,,,,,,,,,,,,,,,,,11.0,
,,,,,,,,,,,,,,,,,,1.0,
,,,,,,,,,,,,,,,,,,3.0,
,,,,,,,,,,,,,,,,,,2.0,
,,,,,,,,,,,,,,,,,,35.0,
,,,,,,,,,,,,,,,,,,7.0,
,,,,,,,,,,,,,,,,,,3.0,
,,,,,,,,,,,,,,,,,,2.0,
,,,,,,,,,,,,,,,,,,49.0,
,,,,,,,,,,,,,,,,,,25.0,
,,,,,,,,,,,,,,,,,,2.0,
,,,,,,,,,,,,,,,,,,1.0,
,,,,,,24.0,,,,,,,,,,,3.0,27.0,
,,,,,,,,,,,,,,,,,3.0,6.0,
,,,,,,,,,,,,,,,,,,48.0,
,,,,,,,,,,,,,,,,,,25.0,
,,,,,,,,,,,,,,,,,,2.0,
,,,,,,,,,,,,,,,,,,1.0,
,,,,,,,,,,,,,,,,,,14.0,
,,,,,,,,,,,,,,,,,,16.0,
,,,,,,,,,,,,,,,,,,5.0,
,,,,,,,,,,,,,,,,,,23.0,
,,,,,,,,,,,,,,,,,,1.0,
,,,,,,,,,,,,,,,,,,1.0,
,,,,,,,,,,,,,,,,,,3.0,
,,,,,,,,,,,,,,,,,,9.0,
,,,,,,,,,,,,,,,,,,8.0,
,,,,,,,,,,,,,,,,,,116.0,
,,,,,,,,,,,,,,,,,,31.0,
,,,,,,,,,,,,,,,,,,122.0,
,,,,,,,,,,,,,,,,,,1.0,
,,1.0,,,,,,,,,,,,,,,,,
,,,,,,,,,,,,,,,,,,4.0,
,,,,,,,,,,,,,,,,,,9.0,
,,,,,,0.0,,,,,,,,,,,,4.0,
,,,,,,2.0,,,,,,,,,,,,4.0,
,,,,,,,,,,,,,,,,,,-1.0,
,,,,,,,,,,,,,,,,,,1.0,
,,,,,,,,,,,,,,,,,,2.0,
,,,,,,,,,,,,,,,,,,2.0,
,,,,,,,,,,,,,,,,,,4.0,
,,,,,,,,,,,,,,,,,,2.0,
,,,,,,,,,,,,,,,,,,1.0,
,,,,,,,,,,,,,,,,,,2.0,
,,,,,,144.0,,,,,,,,,,,,6.0,
,,,,,,144.0,,,,,,,,,,,,,
,,,,,,,,,,,,,,,,,,6.0,
,,,,,,,,,,,,,,,,,,3.0,
,,,,,,,,,,,,,,,,,,4.0,
,,,,,,,,,,,,,,,,,,21.0,
,,,,,,,,,,,,,,,,,,18.0,
,,,,,,,,,,,,,,,,,,12.0,
,,,,,,,,,,,,,,,,,,13.0,
,,,,,,,,,,,,,,,,,,3.0,
,,,,,,,,,,,,,,,,,,1.0,
,,,,,,,,,,,,,,,,,,24.0,
,,,,,,96.0,,,,,,,,,,,,,
,,,,,,,,,,,,,,,,,,2.0,
,,,,,,,,,,,,,,,,,,1.0,
,,,,,,,,,,,,,,,,,,79.0,
,,,,,,,,,,,,,,,,,,2.0,
,,,,,,,,,,,,,,,,,,2.0,
,,,,,,,,,,,,,,,,,,1.0,
,,,,,,12.0,,,,,,,,,,,,165.0,
,,,,,,,,,,,,,,,,,,2.0,
,,,,,,,,,,,,,,,,,,6.0,
,,,,,,,,,,,,,,,,,,196.0,
,,,,,,,,,,,,,,,,,,1.0,
,,,,,,,,,,,,,,,,,,2.0,
,,,,,,12.0,,2.0,,,,,,,,,,1.0,
,,,,,,,,,,,,,,,,,,2.0,
,,,,,,,,,,,,,,,,,,3.0,
,,,,,,,,,,,,,,,,,,6.0,
,,,,,,,,,,,,,,,,,,1.0,
,,,,,,,,,,,,,,,,,,12.0,
,,,,,,,,,,,,,,,,,,-1.0,
,,,,,,,,,,,,,,,,,,2.0,
,,,,,,,,,,,,,,,,,,2.0,
,,,,,,,,,,,,,,,,,,28.0,
,,,,,,,,,,,,,,,,,,-1.0,
,,,,,,,,,,,,,,,,,,1.0,
,,,,,,,,,,,,,,,,,,1.0,
,,,,,,,,,,,,,,,,,,5.0,
,,,,,,,,,,,,,,,,,,1.0,
,,,,,,,,,,,,,,,,,,4.0,
,,,,,,,,,,,,,,,,,,76.0,
,,,,,,,,,,,,,,,,,,-7.0,
,,,,,,,,,,,,,,,,,,1.0,
,,,,,,,,,,,,,,,,,,17.0,
,,,,,,,,,,,,,,,,,,12.0,
,,,,,,,,,,,,,,,,,,1.0,
,,,,4.0,,,,,,,,,,,,,,1.0,
,,,,,,4.0,,,,,,,,,,,,3.0,
,,,,,,,,,,,,,,,,,,2.0,
,,,,,,,,,,,,,,,,,,2.0,
,,,,,,12.0,,,,,,,,,,,,4.0,
,,,,,,,,,,,,,,,,,,5.0,
,,,,,,,,,,,,,,,,,,1.0,
,,,,,,,,,,,,,,,,,,1.0,
,,,,,,,,,,,,,,,,,,1.0,
,,,,,,,,,,,,,,,,,,111.0,
,,,,,,,,,,,,,,,,,,57.0,
,,,,,,,,,,,,,,,,,,55.0,
,,,,,,,,,,,,,,,,,,200.0,
,,,,,,,,,,,,,,,,,,54.0,
,,,,,,,,,,,,,,,,,,4.0,
,,,,,,,,,,,,,,,,,,2.0,
,,,,,,,,,,,,,,,,,,1.0,
,,,,,,,,,,,,,,,,,,2.0,
,,,,,,,,,,,,,,,,,,1.0,
,,,,,,,,,,8.0,,,,,,,,,
,,,,,,,,,,8.0,,,,,,,,,
,,,,,,,,,,,,,,8.0,,,,8.0,
,,,,,,,,8.0,,,,,,8.0,,,,9.0,
,,,,,,,,,,,,,,,,,,96.0,
,,,,,,1.0,,,,,,,,,,,,88.0,
,,,,,,,,,,,,,,,,,,107.0,
,,,,,,,,,,,,,,,,,,-4.0,
,,,,,,,,,,,,,,,,,,42.0,
,,,,,,,,,,,,,,,,,,76.0,
,,,,,,,,,,,,,,,,,,4.0,
,,,,,,,,,,,,,,,,,,10.0,
,,,,,,,,,,,,,,,,,,9.0,
,,,,,,,,,,,,,,,,,,31.0,
,,,,,,,,,,,,,,,,,,3.0,
,,,,,,,,,,,,,,,,,,3.0,
,,,,,,,,,,,,,,,,,,1.0,
,,,,,,,,,5.0,,,,,,,,,78.0,
,,,,,,12.0,,,5.0,,,,,,,,,120.0,
,,,,,,96.0,,,1.0,,,,,,,,,85.0,
,,,,,,96.0,,,1.0,,,,,,,,,80.0,
,,,,,,,,,,,,,,,,,,97.0,
,,,,,,,,,1.0,,,,,,,,,32.0,
,,12.0,,,,36.0,,,,,,,288.0,,,,,653.0,5.0
,,12.0,,,,24.0,,,12.0,,,,288.0,,,,,918.0,
,,,,,,,,,,,,,,,,,,106.0,
,,,,,,,,,,,,,,,,,,256.0,
,,,,,,,,,,,,,,,,,,1.0,
,,,,,,,,,,,,,,,,,,-1.0,
,,,,,,,,4.0,,,,,,,,,,5.0,
,,,,,,,,4.0,,,,,,,,,,6.0,
,,,,,,,,2.0,,,,,,,,,,4.0,
,,,,,,,,2.0,,,,,,,,,,6.0,
,,,,,,,,,,,,,,12.0,,,4.0,15.0,
,,,,,,,,,,,,,,,,,,22.0,
,,,,,,,,,,,,,,,,,,11.0,
,,,,,,,,,,,,,,,,,,39.0,
,,,,,,,,,,,,,,,,,,119.0,
,,,,,,,,,,,,,,,,,,259.0,
,,,,,,,,,,,,,,,,,,1.0,
,,,,,,,,,,,,,,,,,,68.0,
,,,,,,,,,,,,,,,,,,66.0,
,,,,,,,,,,,,,,,,,,1.0,
,,,,,,,,,,,,,,,,,,3.0,
,12.0,,,,,,,12.0,6.0,,,,,,,,,-111.0,
,12.0,,,,6.0,,6.0,54.0,18.0,,,,144.0,144.0,,24.0,,320.0,
,12.0,,,,12.0,6.0,6.0,24.0,18.0,,,,216.0,216.0,,24.0,,261.0,
,12.0,,,,,6.0,6.0,48.0,6.0,,,,144.0,216.0,,6.0,24.0,87.0,
,,6.0,,,,6.0,,,,,,,,6.0,,,,676.0,1.0
,,6.0,,,,9.0,12.0,3.0,12.0,,,,,,,,,678.0,2.0
,,,,,,,,,,,,,,,,,,27.0,
,,6.0,,3.0,,6.0,6.0,,,,,,,,,,,488.0,1.0
,,,,,,,,,,,,,,,,,,144.0,
,,,,,,,,,,,,,,,,,,53.0,
,,,,,,,,,,,,,,,,,,56.0,
,,,,,,,,,,,,,,,,,,4.0,
,,,,,,,,,,,,,,,,,,1.0,
,,,,,,,,,,,,,,,,,,4.0,
,,,,,,,,,,,,,,,,,,33.0,
,,,,,,,,,,,,,,,,,,52.0,
,,,,,,,,,,,,,,,,,,15.0,
,,,,,,,,,,,,,,,,,,83.0,
,,,,,,,,,,,,,,,,,,4.0,
,,,,,,,,,,,,,,,,,,1.0,
,,,,,,,,,,,,,,,,,,7.0,
,,,,,,,,,,,,,,,,,,5.0,
,,,,,,,,,,,,,,,,,,36.0,
,,,,,,,,,,,,,,,,,,64.0,
,,,,,,,,,,,,,,,,,,126.0,
,,,,,,,,,,,,,,,,,,2.0,
,,,,,,,,,,,,,,,,,,3.0,
,,,,,,,,,,,,,,,,,,7.0,
,,,,,,,,,,,,,,,,,,67.0,
,,,,,,,,,,,,,,,,,,12.0,
,,,,,,,,,,,,,,,,,,33.0,
,,,,,,,,,6.0,,,,,,,,,150.0,
,,,,,,,,,6.0,,,,,,,,,,
,,,,,,,,,,,,,,,,,,6.0,
,,,,,,,,,,,,,,,,,,34.0,
,,,,,,,,,,,,,,,,,,64.0,
,,,,,,,,,,,,,,,,,,16.0,
,,,,,,,,,,,,,,,,,,6.0,
,,,,,,,,,,,,,,,,,,4.0,
,,,,,,,,,,,,,,,,,,42.0,
,,,,,,,,,,,,,,,,,,151.0,
,,,,,,,,,,,,,,,,,,25.0,
,,,,,,,,,,,,,,,,,,10.0,
,,,,,,,,,,,,,,,,,,53.0,
,,,,,,,,,,,,,,,,,,8.0,
,,,,,,,,,,,,,,,,,,5.0,
,,,,,,,,,,,,,,,,,,4.0,
,,,,,,,,,,,,,,,,,,11.0,
,,,,,,,,,,,,,,,,,,109.0,
,,,,,,,,,,,,,,,,,,160.0,
,,,,,,,,,,,,,,,,,,8.0,
,,,,,,12.0,,,,,,,,,,,,126.0,
,,,,,,,,,24.0,,,,,,,,,97.0,
,,,,,,12.0,,,,,,,,,,,,93.0,
,,,,,,,,,,,,,,,,,,49.0,
,,12.0,,,,24.0,,,24.0,,,,,,,,,148.0,
,,,,,,12.0,,,,,,,,,,,,17.0,
,,,,,,,,,,,,,,,,,,3.0,
,,,,,,,,,,,,,,,,,,62.0,
,,,,,,,,,,,,,,,,,,364.0,
,,,,,,,,,,,,,,,,,,6.0,
,,,,,,,,,,,,,,,,,,12.0,
,,,,,,,,,,,,,,,,,,97.0,
,,,,,,,,,,,,,,,,,,1.0,
,,12.0,,,,,,,,,,,,,,,,37.0,
,,,,,,,,,,,,,,,,,,18.0,
,,,,,,,,,,,,,,,,,,1.0,
,,,,,,,,,,,,,,,,,,28.0,
,,10.0,,,,310.0,,150.0,30.0,10.0,,,500.0,20.0,,20.0,,3297.0,
,,,,,,10.0,,,,,,,,20.0,,,,871.0,
,,,,,,320.0,,10.0,,,,,,20.0,,,3.0,829.0,
,,,,,,,,,,6.0,,,,,,,,164.0,
,,,,,,12.0,,,,,,,,,,,,44.0,
,,,,,,,,,,,,,,,,,,6.0,
,,,,,,,,,,,,,,,,,,4.0,
,,,,,,,,,,,,,,,,,,8.0,
,,,,2.0,,,,6.0,,,,,,,,,,11.0,
,,,,2.0,,,,6.0,,,,,,,,,,12.0,
,,,,12.0,,208.0,,,,64.0,,,492.0,12.0,,,,4672.0,7.0
,,,,,,,,,,,,,,,,,,1.0,
,,,,,,,,,,,,,,,,,,10.0,
,,,,,,,,,,,,,,,,,,4.0,
,,,,,,,,,,,,,,,,,,2.0,
,,,,,,,,,,,,,,,,,,1.0,
,,,,,,,,,,,,,12.0,,,,,81.0,
,,,,,,,,,,,,,,,,,,6.0,
,,,,,,,,,,,,,,,,,,39.0,
,,,,,,,,,,,,,,,,,,147.0,
,,,,,,,,,,,,,12.0,,,,,29.0,
,,,,,,,,,,,,,,,,,,6.0,
,,,,,,,,,,,,,,,,,,13.0,
,,,,,,,,,,,,,,,,,,10.0,
,,,,,,,,,,,,,,,,,,38.0,
,,,,,,,,,,,,,,,,,,1.0,
,,,,,,,,,,,,,,,,,,3.0,
,,,,,,1.0,,,,,,,12.0,,,,,208.0,
,,,,,,,,,,,,,12.0,,,,,150.0,
,,,,,,1.0,,,,,,,12.0,,,,,59.0,
,,,,,,,,,,,,,,,,,,14.0,
,,,,,,,,,,,,,,,,,,8.0,
,,,,,,,,,,,,,,,,,,4.0,
,,,,,,,,,,,,,,,,,,9.0,
,,,,,,,,,,,,,,,,,,7.0,
,,,,,,,,,,,,,,,,,,6.0,
,,,,,,,,,,,,,,,,,,5.0,
,,,,,,,,,,,,,,,,,,2.0,
,,,,,,,,,,,,,,,,,,1.0,
,,,,,,,,,,,,,,,,,,11.0,
,,,,,,,,,,,,,,,,,,9.0,
,,,,,,,,,,,,,,,,,,49.0,
,,,,,,,,,24.0,,,,,,,,,144.0,
,,,,,,,,,24.0,,,,,,,,,121.0,
,,,,,,,,,,,,,,,,,,3.0,
,,,,,,,,,,,,,,,,,,9.0,
,,,,,,,,,,,,,,,,,,-3.0,
,,,,,,,,,,,,,,,,,,245.0,
,,,,,,,,,,,,,,,,,,170.0,
,,,,,,,,,,,,,,,,,,222.0,
,,,,,,,,,,,,,,,,,,6.0,
,,,,,,,,,,,,,,,,,,1.0,
,,,,,,,,,,,,,,,,,,46.0,
,,,,,,,,,,,,,,,,,,6.0,
,,,,,,,,,,,,,,,,,,1.0,
,,,,,,,,,,,,,,,,,,14.0,
,,,,,,,,,,,,,,,,,,35.0,
,,,,,,,,,,,,,,,,,,7.0,
,,,,,,,,,,,,,,,,,,9.0,
,,,,,,,,,,,,,,,,,,22.0,
,,,,,,,,,,,,,,,,,,46.0,
,,,,,,,,,,,,,,,,,,33.0,
,,,,,,,,,,,,,,,,,,14.0,
,,,,,,,,,,,,,,,,,,353.0,
,,,,,,,,,,,,,,,,,,355.0,
,,,,,,,,,,,,,,,,,,1.0,
,,6.0,,,,12.0,,,,,,,24.0,,,,,131.0,
,,6.0,,,,,,,,,,,,,,,,199.0,
,,,,,,,,,,,,,,,,,,1.0,
,,,,,,,,,,,,,,,,,,30.0,
,,,,,,,,,,,,,,,,,,6.0,
,,,,,,,,,,,,,,,,,,15.0,
,,,,,,,,,,,,,,,,,,-1.0,
,,,,,,,,,,,,,,,,,,11.0,
,,,,,,,,,,24.0,,,,,,,,106.0,
,,,,,,24.0,,,,24.0,,,,,,,,74.0,
,,,,,,,,,,24.0,,,,,,,,24.0,
,,,,,,,,,,,,,,,,,,73.0,
,,,,,,,,,,,,,288.0,,,,,76.0,
,,,,,,,,,,,,,,,,,,41.0,
,,,,,,,,,,,,,,,,,,134.0,
,,,,,,,,,,,,,,,,,,604.0,
,,,,,,,,,6.0,,,,,,,,,1.0,
,,,,,,,,,18.0,6.0,,,,,,,,133.0,
,,,,,,216.0,,,6.0,,,,,,,,,157.0,
,,,,,,,,,,,,,,,,,,40.0,
,,,,,,,,,,,,,,,,,,50.0,
,,,,,,,,,,,,,,,,,,48.0,
,,,,,,,,,,,,,,,,,,145.0,
,,,,,,,,,,,,,,,,,,24.0,
,,,,,,,,,,,,,,,,,,24.0,
,,,,,,,,,,,,,,,,,,144.0,
,,,,,,,,,,,,,,,,,,144.0,
,,,,,,,,,,,,,,,,,,115.0,
,,,,,,,,,,,,,,,,,,5.0,
,,,,,,,,,,,,,,,,,,329.0,
,,,,,,,,,,,,,,,,,,121.0,
,,,,,,,,,,,,,,,,,,277.0,
,,3.0,,3.0,,,,,,3.0,,,,,,,,17.0,
,,,,,,,,6.0,15.0,,,,336.0,,,,,208.0,
,,,,,,,,,,,,,,,,,,2.0,
,,,,,,3.0,,,,,,,96.0,,,,,40.0,
,,,,,,,,,,,,,,,,,,1.0,
,,,,,,,,,,,,,,,,,,3.0,
,,,,,,,,,,,,,,,,,,1.0,
,,,,,,,,,,,,,,,,,,1.0,
,,,,,,,,,,,,,,,,,,2.0,
,,,,,,,,,,,,,,,,,,2.0,
,,,,,,,,,,,,,,,,,,1.0,
,,,,,,,,,,,,,,,,,,1.0,
,,,,,,,,,,,,,,,,,,7.0,
,,,,,,,,,,,,,,,,,,1.0,
,,,,,,,,,,,,,,,,,,7.0,
,,,,,,,,,,,,,,,,,,1.0,
,,,,,,,,,,,,,,,,,,3.0,
,,,,,,,,,,,,,,,,,,1.0,
,,,,,,,,,,,,,,,,,,7.0,
,,,,,,,,,,,,,,,,,,3.0,
,,,,,,,,,,,,,,,,,,3.0,
,,,,,,4.0,,,,,,,,,,,,20.0,
,,,,,,,,,,,,,,,,,,5.0,
,,,,,,,,,,,,,,,,,,9.0,
,,,,,,,,,,,,,,,,,,2.0,
,,,,,,,,,,,,,,,,,,1.0,
,,,,,,,,,,,,,,,,,,2.0,
,,,,,,,,,,,,,,,,,,6.0,
,,,,,,,,,,,,,,,,,,1.0,
,,,,,,,,,,,,,,,,,,9.0,
,,,,,,,,,,,,,,,,,,12.0,
,,,,,,,,,,,,,,,,,,8.0,
,,,,,,,,,,,,,,,,,,5.0,
,,,,,,,,,,,,,,,,,,1.0,
,,,,,,,,,,,,,,,,,,3.0,
,,,,,,,,,,,,,,,,,,2.0,
,,,,,,,,,,,,,,,,,,2.0,
,,,,,,,,,,,,,,,,,,1.0,
,,,,,,,,,,,,,,,,,,1.0,
,,,,,,,,,,,,,,,,,,4.0,
,,,,,,,,,,,,,,,,,,6.0,
,,,,,,,,,,,,,,,,,,3.0,
,,,,,,,,,,,,,,,,,,4.0,
,,,,,,,,,,,,,,,,,,3.0,
,,,,,,,,,,,,,,,,,,1.0,
,,,,,,,,,,,,,,,,,,5.0,
,,,,,,,,,,,,,,,,,,1.0,
,,,,,,,,,,,,,,,,,,1.0,
,,,,,,,,,,,,,,,,,,2.0,
,,,,,,,,,,,,,,,,,,1.0,
,,,,,,,,,,,,,,,,,,1.0,
,,,,,,,,,,,,,,,,,,5.0,
,,,,,,,,,,,,,,,,,,1.0,
,,,,,,,,,,,,,,,,,,1.0,
,,,,,,,,,,,,,,,,,,3.0,
,,,,,,,,,,,,,,,,,,5.0,
,,,,,,,,,,,,,,,,,,1.0,
,,,,,,,,,,,,,,,,,,9.0,
,,,,,,,,,,,,,,,,,,12.0,
,,,,,,,,,,,,,,,,,,7.0,
,,,,,,,,,,,,,,,,,,1.0,
,,,,,,,,,,,,,,,,,,3.0,
,,,,,,,,,,,,,,,,,,1.0,
,,,,,,,,,,,,,,,,,,3.0,
,,,,,,,,,,,,,,,,,,4.0,
,,,,,,,,,,,,,,,,,,2.0,
,,,,,,,,,,,,,,,,,,1.0,
,,,,,,,,,,,,,,,,,,1.0,
,,,,,,,,,,,,,,,,,,1.0,
,,,,,,,,,,,,,,,,,,1.0,
,,,,,,,,,,,,,,,,,,7.0,
,,,,,,,,,,,,,,,,,,7.0,
,,,,,,,,,,,,,,,,,,8.0,
,,,,,,,,,,,,,,,,,,3.0,
,,,,,,,,,,,,,,,,,,4.0,
,,,,,,,,,,,,,,,,,,12.0,
,,,,,,,,,,,,,,,,,,37.0,
,,,,,,,,,,,,,,,,,,10.0,
,,,,,,,,,,,,,,,,,,1.0,
,,6.0,,,,,,,,,,,,,,,,5.0,
,,,,,,,,,,,,,,,,,,11.0,
,,,,,,,,,,,,,,,,,,4.0,
,,,,,,,,,,,,,,,,,,3.0,
,,,,,,,,,,,,,,,,,,1.0,
,,,,,,,,,,,,,,,,,,2.0,
,,,,,,,,,,,,,,,,,,3.0,
,,,,,,,,,,,,,,,,,,1.0,
,,,,,,,,,,,,,,,,,,2.0,
,,,,,,,,,,,,,,,,,,12.0,
,,,,,,,,,,,,,,,,,,1.0,
,,,,,,,,,,,,,,,,,,9.0,
,,,,,,,,,,,,,,,,,,3.0,
,,,,,,,,,,,,,,,,,,1.0,
,,,,,,,,,,,,,,,,,,9.0,
,,,,,,,,,,,,,,,,,,5.0,
,,,,,,,,,,,,,,,,,,15.0,
,,,,,,,,,,,,,,,,,,8.0,
,,,,,,,,,,,,,,,,,,6.0,
,,,,,,,,,,,,,,,,,,10.0,
,,,,,,,,,,,,,,,,,,10.0,
,,,,,,,,,,,,,,,,,,1.0,
,,,,,,,,,,,,,,,,,,9.0,
,,,,,,,,,,,,,,,,,,3.0,
,,,,,,,,,,,,,,,,,,3.0,
,,,,,,,,,,,,,,,,,,2.0,
,,,,,,,,,,,,,,,,,,1.0,
,,,,,,,,,,,,,,,,,,1.0,
,,,,,,,,,,,,,,,,,,1.0,
,,,,,,,,,,,,,,,,,,6.0,
,,,,,,,,,,,,,,,,,,1.0,
,,,,,,,,,,,,,,,,,,1.0,
,,,,,,,,,,,,,,,,,,3.0,
,,,,,,,,,,,,,,,,,,1.0,
,,,,,,,,,,,,,,,,,,1.0,
,,,,,,,,,,,,,,,,,,1.0,
,,,,,,,,,,,,,,,,,,1.0,
,,,,,,,,,,,,,,,,,,1.0,
,,,,,,,,,,,,,,,,,,27.0,
,,,,,,,,,,,,,,,,,,20.0,
,,,,,,,,,,,,,,,,,,14.0,
,,,,,,,,,,,,,,,,,,12.0,
,,,,,,,,,,,,,,,,,,30.0,
,,,,,,,,,,,,,,,,,,8.0,
,,,,,,,,,,,,,,,,,,2.0,
,,,,,,,,,,,,,,,,,,7.0,
,,,,,,,,,,,,,,,,,,1.0,
,,,,,,,,,,,,,,,,,,1.0,
,,,,,,,,,,,,,,,,,,3.0,
,,,,,,,,,,,,,,,,,,1.0,
,,,,,,,,,,,,,,,,,,1.0,
,,,,,,,,,,,,,,,,,,2.0,
,,,,,,,,,,,,,,,,,,1.0,
,,,,,,,,,,,,,,,,,,1.0,
,,,,,,,,,,,,,,,,,,3.0,
,,,,,,,,,,,,,,,,,,6.0,
,,,,,,,,,,,,,,,,,,3.0,
,,,,,,,,,,,,,,,,,,8.0,
,,,,,,,,,,,,,,,,,,9.0,
,,,,,,,,,,,,,,,,,,11.0,
,,,,,,,,,,,,,,,,,,1.0,
,,,,,,,,,,,,,,,,,,2.0,
,,,,,,,,,,,,,,,,,,8.0,
,,,,,,,,,,,,,,,,,,1.0,
,,,,,,,,,,,,,,,,,,6.0,
,,,,,,,,,,,,,,,,,,12.0,
,,,,,,,,,,,,,,,,,,9.0,
,,,,,,,,,,,,,,,,,,8.0,
,,,,,,,,,,,,,,,,,,4.0,
,,,,,,,,,,,,,,,,,,1.0,
,,,,,,,,,,,,,,,,,,4.0,
,,,,,,,,,,,,,,,,,,1.0,
,,,,,,,,,,,,,,,,,,1.0,
,,,,,,,,,,,,,,,,,,1.0,
,,,,,,,,,,,,,,,,,,2.0,
,,,,,,,,,,,,,,,,,,2.0,
,,,,,,,,,,,,,,,,,,5.0,
,,,,,,,,,,,,,,,,,,10.0,
,,,,,,,,,,,,,,,,,,3.0,
,,,,,,,,,,,,,,,,,,3.0,
,,,,,,,,,,,,,,,,,,1.0,
,,,,,,,,,,,,,,,,,,3.0,
,,,,,,,,,,,,,,,,,,1.0,
,,,,,,,,,,,,,,,,,,1.0,
,,,,,,,,,,,,,,,,,,2.0,
,,,,,,,,,,,,,,,,,,2.0,
,,,,,,,,,,,,,,,,,,3.0,
,,,,,,,,,,,,,,,,,,1.0,
,,,,,,,,,,,,,,,,,,2.0,
,,,,,,,,,,,,,,,,,,3.0,
,,,,,,,,,,,,,,,,,,7.0,
,,,,,,,,,,,,,,,,,,4.0,
,,,,,,,,,,,,,,,,,,16.0,
,,,,,,,,,,,,,,,,,,6.0,
,,,,,,,,,,,,,,,,,,4.0,
,,,,,,,,,,,,,,,,,,17.0,
,,,,,,,,,,,,,,,,,,9.0,
,,,,,,,,,,,,,,,,,,1.0,
,,,,,,,,,,,,,,,,,,1.0,
,,,,,,,,,,,,,,,,,,1.0,
,,,,,,,,,,,,,,,,,,10.0,
,,,,,,,,,,,,,,,,,,13.0,
,,,,,,,,,,,,,,,,,,18.0,
,,,,,,,,,,,,,,,,,,13.0,
,,,,,,,,,,,,,,,,,,5.0,
,,,,,,,,,,,,,,,,,,4.0,
,,,,,,,,,,,,,,,,,,3.0,
,,,,,,,,,,,,,,,,,,7.0,
,,,,,,,,,,,,,,,,,,12.0,
,,,,,,,,,,,,,,,,,,6.0,
,,,,,,,,,,,,,,,,,,1.0,
,,,,,,,,,,,,,,,,,,3.0,
,,,,,,,,,,,,,,,,,,1.0,
,,,,,,,,,,,,,,,,,,2.0,
,,,,,,,,,,,,,,,,,,26.0,
,,,,,,,,,,,,,,,,,,16.0,
,,,,,,,,,,,,,,,,,,26.0,
,,,,,,,,,,,,,,,,,,38.0,
,,,,,,,,,,,,,,,,,,18.0,
,,,,,,,,,,,,,,,,,,5.0,
,,,,,,,,,,,,,,,,,,6.0,
,,,,,,,,,,,,,,,,,,5.0,
,,,,,,,,,,,,,,,,,,7.0,
,,,,,,,,,,,,,,,,,,2.0,
,,,,,,,,,,,,,,,,,,3.0,
,,,,,,,,,,,,,,,,,,4.0,
,,,,,,,,,,,,,,,,,,5.0,
,,,,,,,,,,,,,,,,,,4.0,
,,,,,,,,,,,,,,,,,,1.0,
,,,,,,,,,,,,,,,,,,9.0,
,,,,,,,,,,,,,,,,,,21.0,
,,,,,,,,,,,,,,,,,,19.0,
,,,,,,,,,,,,,,,,,,7.0,
,,,,,,,,,,,,,,,,,,11.0,
,,,,,,,,,,,,,,,,,,7.0,
,,,,,,,,,,,,,,,,,,5.0,
,,,,,,,,,,,,,,,,,,4.0,
,,,,,,,,,,,,,,,,,,4.0,
,,,,,,,,,,,,,,,,,,1.0,
,,,,,,,,,,,,,,,,,,4.0,
,,,,,,,,,,,,,,,,,,2.0,
,,,,,,,,,,,,,,,,,,1.0,
,,,,,,,,,,,,,,,,,,1.0,
,,,,,,,,,,,,,,,,,,0.0,
,,,,,,,,,,,,,,,,,,1.0,
,,,,,,,,,,,,,,,,,,1.0,
,,,,,,,,,,,,,,,,,,3.0,
,,,,,,,,,,,,,,,,,,3.0,
,,,,,,,,,,,,,,,,,,5.0,
,,,,,,,,,,,,,,,,,,1.0,
,,,,,,,,,,,,,,,,,,2.0,
,,,,,,,,,,,,,,,,,,1.0,
,,,,,,,,,,,,,,,,,,2.0,
,,,,,,,,,,,,,,,,,,3.0,
,,,,,,,,,,,,,,,,,,2.0,
,,,,,,,,,,,,,,,,,,-2.0,
,,,,,,5.0,,,,,,,,,,,,102.0,
,,,,,,,,,,,,,,,,,,-63.0,
,,,,,,,,,,,,,,,,,,1.0,
,,,,,,,,,,,,,,,,,,13.0,
,,,,,,,,,,,,,,,,,,4.0,
,,,,,,,,,,,,,,,,,,1.0,
,,,,,,,,,,,,,,,,,,4.0,
,,,,,,,,,,,,,,,,,,2.0,
,,,,,,,,,,,,,,,,,,66.0,
,,,,,,0.0,,1.0,-1.0,,,,,0.0,,,,-271.0,
,,,,,,,,,,,,,,,,,,1.0,
,2.0,12.0,,,2.0,,,32.0,54.0,,,,10.0,10.0,1.0,3.0,1.0,-5.0,
,,,,,,,,,,,,,,,,,,25.0,
,,,,,,,,,,,,,,,,,,2.0,
,,,,,,,,,,,,,,,,,,1.0,
,,,,,,,,,,,,,,,,,,4.0,
,,,,,,,,,,,,,,,,,,8.0,
,,,,,,,,,,,,,,,,,,1.0,
,,,,,,,,,,,,,,,,,,2.0,
